zipcode,near_ATTRAC,near_museum,near_Performing_arts
1011,1.1,0.5,0.5
1012,1.8,0.3,0.4
1013,3.6,0.8,0.6
1014,2.5,2.5,1.1
1015,2.8,0.3,0.5
1016,2.5,0.4,0.3
1017,1.6,0.4,0.6
1018,1.1,0.6,1.0
1019,2.8,2.0,1.9
1021,4.6,0.9,1.6
1022,5.1,1.7,2.1
1023,5.7,2.2,3.6
1024,6.6,2.9,3.8
1025,5.2,1.9,2.5
1026,7.7,6.1,6.7
1027,8.2,4.7,5.1
1028,9.5,7.6,8.3
1031,4.6,1.1,1.1
1032,4.6,1.8,1.2
1033,7.1,4.4,3.1
1034,6.3,3.4,1.0
1035,8.0,5.4,3.1
1036,6.8,4.0,2.5
1037,6.7,4.5,4.1
1041,4.6,2.7,2.9
1042,4.1,3.3,3.5
1043,2.8,3.4,2.1
1044,-99997.0,-99997.0,-99997.0
1045,7.7,8.0,7.4
1046,6.1,7.1,5.7
1047,8.3,8.5,7.8
1051,2.9,1.3,0.5
1052,2.4,0.9,0.7
1053,2.2,1.4,0.5
1054,2.6,1.4,0.5
1055,1.4,2.7,0.5
1056,0.9,2.2,1.2
1057,1.2,2.3,1.4
1058,2.1,2.7,1.0
1059,3.3,2.7,1.8
1060,6.3,2.0,2.6
1061,1.3,3.6,1.8
1062,2.7,3.6,2.2
1063,2.4,4.6,2.2
1064,2.2,4.6,2.6
1065,3.0,3.7,1.9
1066,5.1,2.3,2.3
1067,3.9,5.4,2.9
1068,4.3,2.9,0.8
1069,5.5,2.1,1.7
1071,3.1,0.7,0.5
1072,2.5,1.1,0.8
1073,2.3,1.5,0.5
1074,1.9,1.5,0.6
1075,3.0,1.7,1.0
1076,3.7,2.4,1.3
1077,3.9,1.8,0.6
1078,2.6,2.2,0.9
1079,2.1,2.8,1.2
1081,3.6,3.1,2.3
1082,3.0,3.5,1.7
1083,2.2,3.8,1.8
1086,6.3,5.5,5.3
1087,7.8,6.5,6.4
1091,1.7,1.4,0.7
1092,1.8,1.0,0.8
1093,1.5,0.6,0.5
1094,2.1,1.2,0.8
1095,3.1,2.2,1.9
1096,3.4,2.8,2.7
1097,3.2,1.3,1.9
1098,3.0,1.1,1.7
1101,0.9,4.0,0.8
1102,2.2,4.8,1.6
1103,3.7,5.1,3.1
1104,4.0,6.0,3.9
1105,3.2,5.9,3.1
1106,2.0,7.2,4.0
1107,2.2,7.9,4.8
1108,2.8,6.0,3.9
1109,6.4,2.9,3.1
1111,5.8,2.9,0.8
1112,4.4,2.8,1.7
1113,7.1,4.3,1.8
1114,3.0,3.8,2.6
1115,3.3,3.0,2.9
1117,-99997.0,-99997.0,-99997.0
1118,8.1,6.2,5.7
1119,4.6,2.6,2.1
1121,9.3,6.5,4.2
1127,10.3,7.7,6.3
1131,7.6,0.8,10.7
1132,7.3,1.8,10.4
1135,5.9,0.8,9.0
1141,10.0,1.1,10.4
1145,8.7,1.9,10.1
1151,11.1,4.6,7.9
1153,13.4,4.3,10.7
1154,15.8,6.3,13.6
1156,18.5,0.4,18.2
1161,8.4,6.5,6.6
1165,7.7,6.5,5.9
1171,7.6,1.3,4.1
1175,9.1,3.1,5.6
1181,4.7,1.4,1.1
1182,5.7,1.1,1.2
1183,4.0,2.6,2.3
1184,4.3,1.3,3.5
1185,5.9,1.3,1.4
1186,6.8,3.1,3.0
1187,4.1,3.5,4.1
1188,5.8,3.1,3.2
1189,8.1,6.3,7.3
1191,3.8,1.2,3.5
1211,5.0,0.7,0.6
1212,6.1,2.1,1.6
1213,4.7,1.9,1.7
1214,4.1,1.4,1.3
1215,3.3,2.0,2.1
1216,3.2,2.8,3.1
1217,4.9,1.3,1.4
1218,4.1,3.9,3.3
1221,5.3,1.5,1.1
1222,4.0,1.8,1.8
1223,5.6,2.1,1.9
1231,1.8,2.3,5.5
1241,7.0,5.2,5.2
1243,5.7,4.5,4.5
1244,6.9,6.8,6.5
1251,5.5,1.2,1.3
1252,5.9,2.0,2.0
1261,6.7,2.9,2.9
1262,7.4,3.9,3.9
1271,3.9,0.8,0.8
1272,3.4,1.6,1.6
1273,5.5,2.1,2.1
1274,6.7,3.3,3.3
1275,6.2,2.8,2.8
1276,5.2,1.8,1.8
1277,7.4,4.0,4.0
1309,7.8,9.7,9.0
1311,3.4,3.6,3.1
1312,2.7,2.9,2.4
1313,2.4,2.8,2.1
1314,1.5,1.9,1.3
1315,0.4,0.7,0.3
1316,2.2,2.8,2.0
1317,2.8,3.4,2.7
1318,2.7,3.6,3.1
1319,4.7,5.0,4.4
1321,3.5,3.7,3.6
1322,-99997.0,-99997.0,-99997.0
1323,2.1,2.3,2.2
1324,1.4,1.6,1.4
1325,2.0,2.3,2.1
1326,2.8,3.2,3.1
1327,-99997.0,-99997.0,-99997.0
1328,2.0,4.2,4.0
1329,-99997.0,-99997.0,-99997.0
1331,6.4,9.0,8.2
1332,5.9,8.0,7.3
1333,3.2,5.6,5.0
1334,2.8,6.2,5.8
1335,4.3,7.7,7.2
1336,5.4,9.2,8.8
1338,2.0,5.6,5.2
1339,3.6,7.5,7.1
1341,4.0,6.8,6.7
1343,4.8,8.9,8.8
1349,6.1,11.2,11.0
1351,0.8,4.0,3.9
1352,1.3,4.4,4.4
1353,2.1,5.3,5.2
1354,1.9,5.1,5.1
1355,1.7,4.9,4.8
1356,2.7,5.7,5.6
1357,2.9,6.1,6.0
1358,2.2,6.9,6.7
1359,2.9,5.2,5.2
1361,7.8,8.2,8.2
1362,-99997.0,-99997.0,-99997.0
1363,6.7,6.9,6.7
1381,8.4,0.8,1.0
1382,8.7,1.1,0.8
1383,8.2,1.5,1.8
1384,9.7,1.7,1.5
1391,6.0,6.9,5.8
1393,10.7,5.3,5.6
1394,11.9,8.1,8.5
1396,9.4,10.5,9.3
1398,10.5,1.0,3.8
1399,8.9,4.8,7.5
1401,2.6,2.5,1.3
1402,2.0,3.3,0.8
1403,1.4,3.3,1.0
1404,2.4,2.4,1.5
1405,3.0,2.5,2.2
1406,2.5,3.3,1.8
1411,4.3,1.4,3.9
1412,3.7,1.7,2.7
1421,2.5,6.7,6.3
1422,2.9,6.9,6.7
1423,3.3,7.3,7.1
1424,1.7,5.4,5.5
1426,6.9,11.0,10.7
1427,3.9,8.1,7.8
1428,2.9,6.4,6.5
1431,3.3,1.5,1.4
1432,1.6,4.2,3.8
1433,4.3,4.6,4.8
1435,5.7,4.7,4.3
1436,4.5,2.6,2.1
1437,4.9,2.9,2.5
1438,6.3,6.0,6.3
1441,4.3,1.9,1.4
1442,4.6,1.5,1.2
1443,4.3,2.4,1.7
1444,4.4,2.7,2.4
1445,1.6,3.5,2.5
1446,0.6,4.5,3.7
1447,3.5,3.6,2.7
1448,5.8,2.9,3.0
1451,7.4,5.0,4.8
1452,6.7,6.1,6.0
1454,9.0,6.3,5.3
1456,7.2,3.2,4.0
1458,11.1,8.0,9.0
1461,5.9,1.6,2.2
1462,9.0,0.9,7.2
1463,11.4,4.9,10.6
1464,12.1,3.3,10.1
1471,3.3,4.4,4.3
1472,4.9,4.2,6.8
1473,10.1,7.0,11.4
1474,9.6,8.1,9.2
1475,11.4,8.2,9.4
1476,9.3,7.9,7.2
1477,5.9,5.4,6.1
1481,4.0,3.1,6.2
1482,4.9,4.4,5.3
1483,12.9,1.0,11.6
1484,11.8,1.5,12.6
1485,12.7,2.9,13.5
1486,9.5,4.4,11.4
1487,11.1,4.2,11.2
1488,10.4,7.7,11.8
1489,9.7,6.8,11.6
1501,3.3,1.1,0.7
1502,2.5,1.3,0.9
1503,3.5,2.3,1.9
1504,4.7,2.7,2.3
1505,4.1,1.9,1.5
1506,2.1,1.2,1.3
1507,1.4,3.2,3.8
1508,1.5,2.3,3.0
1509,3.1,1.6,4.8
1511,7.0,5.1,4.7
1521,5.0,3.3,7.5
1525,8.1,6.3,10.5
1531,5.8,3.6,8.1
1534,7.9,6.1,10.4
1536,10.0,8.2,12.3
1541,2.2,1.7,4.7
1544,2.7,1.1,5.1
1546,9.2,6.6,7.6
1551,5.2,4.5,6.8
1561,7.0,5.4,7.5
1562,6.7,6.5,7.3
1566,8.1,6.7,7.4
1567,7.6,6.6,6.6
1601,1.6,0.7,18.3
1602,1.7,2.5,17.4
1606,9.7,8.4,12.2
1607,9.8,9.3,10.1
1608,9.1,8.7,9.3
1609,11.4,11.0,11.7
1611,4.9,3.9,15.2
1613,6.2,5.3,13.9
1614,7.0,6.1,12.8
1616,8.9,7.1,11.1
1617,7.4,8.4,7.9
1619,8.4,2.6,11.2
1621,1.9,0.4,0.8
1622,3.5,2.2,1.8
1623,1.4,1.2,1.5
1624,1.0,0.9,0.9
1625,2.1,2.0,2.0
1627,4.0,3.7,4.3
1628,3.7,3.6,3.7
1631,10.7,7.7,8.6
1633,9.3,7.4,8.0
1634,6.2,4.8,4.1
1636,8.8,1.3,10.2
1641,6.5,8.6,8.0
1642,6.8,8.0,7.2
1643,6.1,9.2,7.0
1645,5.2,4.3,7.0
1646,5.7,3.4,6.7
1647,5.6,4.4,4.5
1648,8.7,8.3,8.4
1652,6.8,7.5,4.5
1654,5.4,8.6,5.9
1655,6.2,9.3,6.1
1657,8.7,9.8,8.7
1658,6.7,7.7,7.4
1661,9.9,10.1,8.2
1662,10.2,11.4,7.4
1663,9.7,11.3,7.0
1671,1.2,1.2,1.0
1674,2.5,3.7,2.7
1676,4.5,5.7,4.7
1678,5.9,5.5,6.1
1679,6.9,7.4,7.1
1681,8.5,6.2,8.7
1682,6.0,8.0,8.4
1683,7.9,6.3,8.6
1684,7.1,7.4,9.2
1685,2.0,5.2,5.4
1686,1.9,5.0,5.2
1687,2.9,6.1,3.7
1688,4.4,7.6,6.6
1689,2.5,3.9,3.7
1691,7.2,7.9,8.5
1692,6.8,6.2,7.0
1693,6.6,3.2,6.6
1695,3.2,3.5,3.1
1696,5.5,5.8,5.4
1697,5.8,5.5,6.1
1701,3.3,4.7,2.6
1702,2.4,3.8,1.6
1703,1.6,3.7,1.3
1704,3.3,4.2,3.7
1705,3.0,5.5,2.9
1706,4.3,5.8,3.3
1711,1.5,7.8,6.3
1713,3.7,8.5,6.4
1715,7.6,8.4,2.6
1716,8.1,7.5,3.6
1718,9.5,6.5,5.0
1719,11.2,6.4,8.1
1721,3.2,1.0,3.6
1722,3.9,1.9,4.9
1723,3.6,2.8,5.8
1724,4.0,4.2,7.2
1731,10.7,3.5,11.3
1732,10.2,5.8,13.8
1733,10.3,1.9,10.5
1734,8.1,2.9,8.3
1735,7.3,3.3,11.4
1736,5.7,4.5,11.2
1738,5.2,5.1,9.6
1741,7.8,1.3,16.5
1742,7.1,1.4,15.8
1744,3.7,5.2,14.2
1746,2.1,5.1,11.1
1747,1.5,7.7,10.9
1749,2.5,8.6,9.9
1751,6.3,1.1,18.4
1752,3.1,4.2,17.2
1753,1.5,5.9,18.5
1754,3.9,8.3,15.0
1755,4.3,10.7,17.4
1756,8.3,6.4,15.2
1757,7.1,5.6,17.7
1759,7.8,8.8,15.4
1761,3.7,10.1,13.9
1764,7.2,9.2,10.3
1766,6.3,9.2,18.4
1767,12.7,8.0,16.2
1768,11.3,5.3,17.2
1769,8.7,3.9,15.6
1771,12.7,12.1,13.2
1773,9.8,9.2,10.3
1774,13.7,14.8,16.0
1775,10.4,10.3,11.1
1777,13.1,18.3,19.4
1778,10.3,15.5,16.6
1779,18.2,21.7,22.8
1781,1.0,0.7,0.7
1782,1.5,1.3,0.9
1783,3.4,2.6,3.1
1784,3.6,2.0,3.2
1785,3.5,2.6,3.1
1786,5.6,3.5,5.2
1787,8.7,5.6,8.5
1788,9.5,6.1,9.1
1789,3.3,3.1,2.5
1791,13.1,0.9,13.4
1792,13.3,0.6,13.6
1793,16.2,0.9,16.4
1794,19.9,4.5,20.1
1795,24.8,4.1,25.1
1796,18.2,2.6,18.4
1797,9.5,5.5,9.7
1811,1.2,0.3,0.6
1812,2.9,2.8,3.2
1813,2.2,1.7,2.1
1814,2.1,1.3,1.6
1815,2.1,0.9,0.9
1816,1.9,1.9,1.9
1817,1.5,1.5,1.5
1821,1.2,1.0,1.6
1822,2.7,3.3,1.4
1823,1.0,1.3,1.7
1824,1.6,1.8,1.5
1825,3.3,3.3,2.5
1826,3.3,3.8,2.2
1827,4.9,4.7,2.6
1829,1.7,2.3,2.7
1831,4.7,4.9,3.7
1832,3.1,5.3,5.2
1834,3.8,3.2,1.1
1841,6.1,4.3,6.5
1842,5.3,6.2,4.9
1843,11.3,3.6,11.7
1844,10.2,6.5,10.6
1846,8.3,7.4,8.9
1847,6.1,5.9,6.6
1851,3.8,4.9,1.6
1852,4.6,5.4,1.8
1853,4.8,5.8,2.2
1861,3.6,1.1,5.6
1862,3.3,1.6,5.3
1865,8.7,4.9,10.8
1871,6.9,5.5,10.2
1873,9.4,7.7,12.8
1901,7.0,8.6,7.1
1902,6.5,9.3,7.5
1906,5.4,8.0,4.6
1911,2.3,7.2,3.9
1921,3.5,9.4,7.6
1931,8.7,0.5,6.8
1934,6.5,2.7,5.4
1935,7.9,4.6,5.2
1941,5.4,1.2,0.6
1942,5.0,0.6,1.0
1943,5.5,0.6,1.1
1944,6.2,1.3,1.0
1945,6.8,2.3,1.5
1946,6.9,2.8,1.7
1947,5.9,1.7,0.7
1948,7.5,3.8,2.4
1949,8.4,3.7,4.9
1951,3.5,1.7,2.8
1961,6.1,4.1,1.5
1962,5.7,4.6,1.6
1963,5.8,5.6,2.6
1964,6.7,3.8,1.9
1965,6.5,3.2,1.6
1966,6.5,3.4,1.2
1967,6.6,4.5,1.5
1968,8.0,5.3,3.5
1969,8.3,3.9,3.3
1971,0.7,1.6,0.9
1972,1.1,1.1,1.8
1973,1.7,0.5,2.6
1974,2.6,1.3,3.6
1975,2.4,1.0,3.2
1976,3.5,1.7,4.4
1981,2.9,2.3,2.5
1985,1.6,0.6,1.9
1991,2.6,3.3,4.6
1992,3.5,4.0,5.4
2011,5.3,0.4,0.5
2012,4.2,1.1,1.2
2013,5.4,1.0,0.5
2014,4.8,1.8,1.3
2015,6.0,2.1,1.6
2019,5.3,0.5,0.3
2021,5.4,0.6,1.6
2022,4.2,1.7,2.7
2023,5.0,1.1,1.9
2024,3.9,2.1,3.0
2025,2.8,3.0,4.1
2026,2.5,3.5,4.6
2031,6.2,1.3,1.3
2032,6.1,1.2,1.4
2033,6.3,1.8,2.0
2034,4.1,2.6,3.0
2035,5.2,2.9,3.3
2036,4.0,3.8,4.3
2037,4.7,3.8,4.3
2041,9.5,1.4,8.4
2042,8.8,0.7,7.7
2051,5.6,2.0,1.8
2061,3.6,2.9,1.5
2063,4.3,4.7,5.4
2064,5.3,5.8,6.3
2065,7.6,4.0,4.1
2071,0.8,2.1,3.4
2082,1.9,3.7,2.4
2101,1.8,2.3,3.2
2102,2.3,2.3,3.0
2103,1.2,1.3,4.4
2104,1.1,2.9,5.7
2105,1.9,3.2,4.2
2106,3.2,3.0,2.8
2111,4.7,3.6,3.3
2114,2.3,6.4,7.8
2116,5.9,3.5,4.8
2121,0.9,4.5,7.2
2131,3.2,3.0,1.4
2132,3.2,4.0,0.9
2133,3.6,2.2,2.4
2134,4.5,3.4,4.4
2135,2.0,3.8,2.9
2136,3.0,4.0,7.1
2141,6.2,3.8,6.0
2142,3.3,1.1,5.2
2143,10.3,6.1,7.8
2144,5.5,5.6,5.7
2151,5.7,6.1,6.1
2152,5.0,6.9,6.4
2153,4.6,7.7,6.6
2154,8.3,7.7,7.2
2155,9.1,8.7,8.2
2156,9.6,8.4,8.4
2157,7.6,6.5,6.4
2158,7.2,5.9,5.9
2159,8.1,6.9,6.9
2161,2.1,1.1,1.1
2162,3.6,2.1,2.1
2163,1.6,1.1,1.1
2165,3.2,2.0,2.0
2171,4.4,5.2,5.3
2172,4.6,5.1,5.1
2181,4.0,5.4,5.4
2182,4.0,4.5,4.7
2191,4.5,4.8,6.1
2201,4.8,2.0,7.0
2202,5.4,0.7,8.6
2203,3.9,1.9,8.3
2204,4.3,5.1,8.7
2211,1.9,5.6,7.5
2212,4.8,6.6,7.9
2215,4.4,5.9,7.2
2216,3.5,6.5,6.7
2221,8.1,1.2,4.1
2222,7.6,2.5,4.3
2223,6.8,1.7,1.9
2224,7.3,1.7,2.4
2225,8.6,0.6,3.7
2231,5.9,0.9,3.2
2232,5.3,1.1,3.7
2235,7.6,2.4,3.2
2241,2.1,3.7,5.1
2242,1.1,4.6,5.1
2243,2.9,3.1,5.0
2244,4.6,1.4,3.1
2245,4.8,2.7,3.5
2251,3.9,1.0,5.6
2252,3.2,0.9,5.8
2253,5.4,2.3,3.9
2254,4.0,1.4,6.2
2261,2.9,3.1,2.4
2262,2.7,3.6,1.6
2263,1.6,2.7,2.3
2264,2.3,3.3,1.2
2265,2.5,3.3,0.8
2266,4.3,4.0,2.2
2267,0.9,1.3,2.4
2271,2.6,0.9,1.1
2272,4.1,2.7,1.7
2273,3.3,1.8,1.1
2274,2.6,1.3,1.3
2275,1.3,0.9,1.8
2281,1.8,0.7,1.8
2282,1.8,0.7,1.0
2283,1.1,2.0,0.8
2284,1.7,3.0,1.7
2285,2.6,4.0,2.5
2286,2.6,3.9,3.0
2287,1.5,3.3,2.1
2288,1.6,2.4,1.8
2289,3.0,1.9,2.1
2291,1.4,3.2,4.2
2292,0.7,3.8,5.5
2295,3.0,1.2,4.8
2311,3.1,0.5,0.7
2312,2.4,0.3,0.7
2313,3.0,1.3,1.6
2314,2.8,2.1,2.8
2315,1.5,1.4,1.9
2316,2.4,1.1,1.3
2317,2.8,2.9,3.2
2318,3.8,3.3,3.6
2321,4.2,1.6,1.8
2322,5.2,3.1,3.3
2323,5.2,2.6,3.6
2324,5.0,2.2,2.6
2331,5.7,1.6,3.4
2332,4.7,1.2,2.1
2333,3.9,1.0,1.7
2334,3.5,1.3,1.6
2341,3.3,2.8,3.3
2342,4.7,2.3,3.5
2343,3.2,3.5,4.2
2351,2.5,1.8,3.9
2352,1.2,0.7,3.2
2353,1.9,1.4,4.0
2355,6.2,5.0,7.9
2361,1.6,4.7,5.0
2362,4.7,5.1,6.6
2371,10.6,10.2,11.2
2374,5.2,5.3,6.9
2375,6.7,7.0,8.5
2376,9.6,9.8,10.7
2377,10.6,9.6,9.5
2381,7.0,5.1,5.3
2382,3.5,2.8,4.1
2391,8.6,6.8,5.5
2394,4.8,6.1,7.1
2396,5.5,7.1,7.8
2401,2.4,5.2,4.2
2402,2.4,5.1,3.3
2403,3.3,5.5,3.1
2404,1.2,3.1,2.6
2405,2.0,3.1,2.8
2406,2.8,4.4,0.9
2407,5.4,5.3,3.4
2408,1.1,1.1,4.2
2409,4.3,3.6,5.1
2411,9.2,8.4,1.1
2412,9.6,9.2,1.9
2415,8.3,6.0,5.2
2421,12.2,13.3,9.5
2431,12.0,13.8,13.2
2432,13.6,12.8,13.1
2435,8.7,12.2,12.1
2441,7.2,10.7,10.7
2445,8.6,9.9,6.4
2451,10.3,10.3,10.1
2461,8.4,10.7,8.2
2465,7.3,10.1,9.2
2471,7.9,7.2,3.5
2481,5.6,8.4,7.5
2491,3.7,2.9,1.7
2492,5.0,4.7,2.9
2493,6.0,5.0,3.8
2495,1.0,1.5,2.3
2496,3.6,3.9,4.3
2497,3.5,3.3,3.5
2498,5.0,4.0,4.1
2511,1.8,0.7,0.4
2512,2.2,0.7,0.6
2513,2.8,0.8,0.4
2514,2.0,0.4,0.4
2515,1.4,1.1,0.8
2516,1.3,1.5,1.8
2517,2.6,0.9,1.0
2518,2.7,1.0,0.7
2521,0.7,1.8,1.2
2522,1.0,1.1,1.4
2523,1.6,1.5,0.7
2524,2.0,1.9,0.6
2525,1.7,1.8,1.4
2526,1.5,1.1,1.1
2531,2.5,3.0,1.1
2532,3.1,3.8,1.8
2533,3.1,3.6,1.3
2541,3.3,4.3,1.3
2542,2.5,4.3,2.5
2543,1.8,4.7,2.0
2544,1.8,4.7,1.7
2545,3.1,4.5,0.9
2546,3.5,3.3,1.0
2547,3.9,3.5,1.5
2548,2.8,4.5,3.7
2551,3.4,5.2,3.0
2552,2.8,5.2,2.2
2553,2.5,5.8,3.7
2554,4.6,4.5,4.4
2555,4.1,4.4,3.2
2561,3.6,1.8,0.8
2562,3.5,1.9,0.6
2563,4.1,2.2,1.2
2564,4.6,3.3,2.2
2565,4.1,2.1,1.8
2566,4.2,2.3,2.5
2571,2.9,1.9,1.2
2572,2.4,1.9,1.6
2573,3.1,2.3,1.5
2574,3.6,2.8,1.6
2581,2.7,1.0,1.0
2582,2.2,0.8,0.7
2583,3.0,1.6,0.9
2584,1.7,0.9,1.0
2585,1.2,0.6,1.2
2586,1.0,0.5,0.6
2587,0.8,0.8,1.0
2591,4.8,3.0,1.0
2592,4.3,2.4,0.7
2593,3.2,1.3,1.6
2594,4.3,1.7,1.2
2595,2.6,0.8,1.6
2596,2.2,1.3,1.6
2597,2.0,2.0,2.4
2611,1.7,0.5,0.5
2612,2.6,0.9,1.1
2613,1.6,1.1,1.4
2614,2.8,2.3,2.6
2616,3.6,1.9,2.3
2622,3.3,4.2,4.0
2623,2.6,3.5,3.4
2624,1.2,2.1,2.0
2625,2.3,3.0,2.9
2626,3.2,4.2,4.1
2627,0.5,1.2,1.1
2628,2.3,0.7,1.4
2629,4.2,2.8,3.3
2631,5.4,5.2,5.5
2632,5.2,5.2,5.3
2635,3.1,3.0,3.4
2636,5.5,5.7,5.8
2641,7.1,5.3,6.2
2642,8.0,6.8,7.7
2643,7.8,6.8,7.7
2645,4.0,2.2,3.1
2651,5.6,7.1,8.1
2652,6.0,7.7,8.5
2661,4.6,6.5,8.3
2662,4.8,6.4,8.1
2665,2.9,8.2,8.7
2671,5.5,4.0,1.1
2672,6.4,3.5,1.2
2673,5.3,4.7,1.6
2675,5.0,1.9,3.1
2676,3.1,6.0,4.3
2678,6.3,5.4,5.1
2681,2.5,6.6,5.2
2684,2.5,7.4,5.8
2685,3.9,3.4,4.5
2691,2.6,4.7,4.2
2692,2.0,5.0,4.7
2693,3.0,5.0,4.0
2694,1.7,5.7,4.3
2711,2.7,1.0,0.6
2712,2.3,1.1,1.9
2713,2.7,1.0,1.6
2715,1.5,2.1,2.1
2716,1.4,3.1,1.5
2717,1.9,2.9,1.0
2718,4.0,2.9,3.9
2719,4.3,3.4,4.1
2721,3.2,4.4,4.7
2722,1.9,1.3,1.7
2723,2.4,2.3,2.5
2724,2.8,2.5,1.9
2725,4.1,3.1,2.2
2726,2.8,2.3,1.3
2727,3.6,3.4,2.5
2728,3.9,4.0,3.6
2729,3.0,4.1,4.3
2731,5.0,5.4,5.6
2735,6.6,7.0,7.2
2741,4.3,4.7,4.8
2742,5.2,5.5,4.7
2743,5.3,6.5,5.9
2751,6.2,7.4,7.6
2752,6.9,8.1,8.3
2761,8.9,10.7,10.5
2771,7.6,2.1,1.8
2801,2.9,0.6,0.6
2802,3.0,1.2,0.9
2803,1.2,2.4,2.1
2804,2.3,2.9,2.6
2805,3.0,1.8,1.4
2806,3.6,1.4,1.1
2807,5.4,2.7,2.9
2808,4.5,1.6,1.8
2809,4.5,3.4,3.0
2811,5.0,4.7,4.5
2821,9.6,5.3,6.9
2825,13.8,10.3,11.3
2831,6.4,4.7,4.4
2841,6.6,5.0,4.7
2851,8.4,0.9,5.8
2855,12.7,3.8,10.1
2861,14.4,5.9,11.8
2865,16.9,4.5,14.4
2871,17.0,1.0,14.4
2872,17.2,1.7,15.7
2901,5.8,3.4,3.1
2902,4.5,3.5,1.4
2903,4.4,4.3,0.6
2904,5.9,5.6,1.6
2905,5.6,5.9,1.6
2906,2.8,4.7,2.0
2907,2.8,7.4,3.5
2908,3.0,7.9,4.4
2909,5.7,3.1,3.9
2911,6.5,8.3,4.4
2912,5.0,9.7,5.8
2913,6.5,10.6,7.5
2914,6.0,9.9,6.2
2921,6.8,1.5,4.0
2922,7.1,0.8,4.3
2923,7.3,1.8,4.5
2924,8.5,2.2,5.7
2925,8.9,3.1,6.1
2926,7.8,2.3,5.0
2931,10.0,5.1,7.2
2935,11.1,5.6,8.5
2941,14.2,9.2,11.4
2951,9.5,8.3,4.9
2952,8.7,7.5,4.1
2953,10.8,8.5,6.2
2954,10.3,9.0,5.6
2957,12.5,9.9,8.1
2959,11.8,10.0,11.9
2961,11.2,6.3,8.3
2964,16.1,4.0,16.1
2965,18.0,2.4,15.1
2967,18.4,3.2,15.1
2968,18.8,4.2,14.2
2969,7.5,8.0,4.6
2971,6.2,8.1,9.9
2973,8.8,8.3,12.9
2974,9.3,8.7,13.3
2975,12.2,7.4,12.7
2977,15.4,6.6,11.8
2981,4.3,7.6,5.5
2982,3.6,7.0,4.9
2983,3.7,6.9,5.0
2984,5.1,7.8,4.3
2985,5.0,8.0,5.3
2986,5.8,8.0,4.5
2987,2.2,4.7,3.4
2988,5.6,6.2,3.9
2989,7.6,5.4,1.9
2991,3.1,6.7,1.5
2992,1.8,6.4,1.7
2993,3.2,7.0,4.2
2994,2.8,5.7,3.9
2995,5.9,7.8,4.1
3011,2.0,0.6,0.5
3012,1.2,0.6,0.2
3013,0.5,1.2,0.6
3014,0.6,0.9,0.6
3015,1.3,0.4,0.7
3016,2.3,0.3,1.1
3021,1.1,0.9,1.1
3022,1.3,1.5,1.9
3023,1.8,0.9,1.7
3024,2.6,0.7,2.2
3025,2.7,1.3,2.4
3026,2.3,1.4,2.4
3027,2.3,2.2,2.5
3028,3.1,1.9,1.4
3029,3.5,1.8,3.1
3031,2.1,1.3,1.0
3032,1.7,1.5,0.8
3033,1.3,1.8,0.4
3034,2.7,1.9,1.7
3035,2.1,1.4,1.2
3036,2.6,0.9,1.5
3037,2.3,1.1,1.1
3038,1.8,1.7,0.9
3039,1.2,2.2,1.0
3041,0.9,2.8,2.8
3042,1.6,3.9,3.3
3043,2.5,4.0,3.6
3044,2.9,2.7,2.1
3045,3.2,3.0,3.3
3046,5.6,6.1,6.2
3047,5.6,5.5,5.2
3051,2.1,0.7,2.2
3052,1.5,1.8,3.2
3053,1.3,2.7,4.1
3054,1.0,2.5,4.2
3055,1.6,3.0,4.7
3056,0.9,3.4,4.7
3059,5.7,10.4,7.3
3061,3.1,1.5,1.6
3062,3.9,1.0,2.6
3063,4.2,1.0,2.4
3064,5.9,3.3,3.8
3065,3.9,3.4,3.2
3066,2.5,4.1,3.4
3067,1.3,4.9,3.7
3068,2.2,6.7,5.1
3069,2.8,7.2,5.7
3071,4.1,1.7,1.4
3072,4.3,1.7,0.9
3073,4.6,2.0,1.3
3074,4.3,1.6,2.1
3075,3.9,1.9,1.4
3076,3.2,3.0,0.8
3077,2.1,3.3,2.5
3078,1.5,2.3,0.9
3079,1.5,2.8,1.4
3081,3.9,2.6,0.8
3082,2.7,3.4,1.8
3083,3.1,3.1,0.8
3084,1.8,4.5,2.6
3085,3.0,3.9,2.2
3086,1.5,5.0,2.7
3087,3.5,3.6,2.2
3088,0.6,5.7,3.9
3089,4.5,8.6,6.8
3111,4.6,0.5,0.5
3112,3.7,1.2,0.7
3113,4.3,0.9,0.8
3114,4.8,1.6,1.8
3115,3.2,2.1,2.3
3116,4.0,1.2,1.4
3117,3.5,1.0,1.2
3118,3.9,1.3,1.5
3119,4.5,1.2,0.8
3121,5.4,2.9,3.2
3122,4.8,3.0,3.2
3123,5.9,4.2,4.4
3124,6.2,4.3,4.1
3125,4.4,3.2,2.7
3131,1.1,1.0,0.9
3132,2.6,2.5,2.5
3133,0.8,0.8,0.8
3134,0.9,0.9,0.6
3135,2.1,2.0,1.6
3136,3.6,3.3,3.1
3137,4.7,4.4,4.2
3138,3.6,3.4,3.1
3141,4.5,0.9,2.7
3142,3.7,1.5,1.9
3143,4.4,0.5,2.4
3144,3.1,1.6,1.1
3145,1.6,2.9,0.9
3146,0.7,3.9,1.9
3147,1.9,3.0,1.2
3151,5.2,1.9,7.7
3155,5.0,3.2,4.1
3161,3.3,8.6,6.7
3162,3.6,6.7,4.5
3165,-99997.0,-99997.0,-99997.0
3171,5.1,10.4,6.4
3172,5.2,10.5,7.1
3176,4.7,10.0,6.3
3181,7.5,4.0,5.5
3191,5.2,11.1,4.2
3192,5.5,12.0,4.5
3193,4.6,10.2,3.7
3194,5.2,10.3,4.2
3195,6.7,9.3,8.7
3196,-99997.0,-99997.0,-99997.0
3197,-99997.0,-99997.0,-99997.0
3198,-99997.0,-99997.0,-99997.0
3199,-99997.0,-99997.0,-99997.0
3201,2.2,13.4,1.1
3202,1.5,13.1,1.7
3203,3.3,14.4,2.0
3204,2.7,14.8,2.3
3205,4.3,15.2,2.8
3206,3.7,15.8,3.4
3207,5.1,15.6,3.2
3208,2.7,15.0,3.4
3209,5.0,16.5,3.9
3211,4.4,9.3,6.1
3212,5.0,13.6,5.9
3214,7.4,11.1,8.3
3216,7.2,9.2,9.0
3218,5.0,7.7,7.7
3221,11.8,1.4,1.2
3222,10.7,2.2,2.0
3223,9.6,3.4,3.1
3224,11.4,2.1,2.3
3225,10.3,3.3,3.3
3227,10.5,5.6,5.7
3231,5.0,0.7,10.6
3232,4.8,1.5,9.5
3233,9.8,5.8,12.2
3234,7.2,3.2,9.2
3235,12.4,8.5,9.0
3237,4.7,3.5,7.7
3238,2.4,5.3,10.3
3241,6.6,1.5,25.5
3243,8.6,7.6,28.1
3244,1.9,5.8,22.8
3245,5.7,0.8,24.4
3247,5.5,4.9,21.0
3248,9.4,8.2,17.6
3249,4.6,9.3,25.5
3251,14.5,12.3,12.0
3252,18.0,15.0,14.7
3253,21.5,18.9,18.7
3255,6.3,9.6,22.3
3256,11.5,14.3,27.4
3257,16.3,18.1,28.8
3258,11.8,11.5,28.2
3261,1.3,4.6,13.4
3262,2.3,6.3,15.1
3263,2.6,6.6,15.4
3264,7.5,10.4,20.2
3265,10.6,7.5,23.3
3267,12.8,7.4,25.5
3271,6.6,4.8,10.9
3273,7.2,6.0,12.0
3274,4.9,1.3,8.9
3281,11.6,11.5,19.6
3284,11.4,5.9,22.3
3286,7.4,9.0,15.0
3291,16.1,13.4,17.6
3292,20.5,16.8,18.6
3293,17.0,11.3,12.7
3295,15.3,9.6,10.9
3297,11.1,7.5,13.0
3299,11.4,8.3,14.0
3311,9.2,0.5,0.9
3312,8.8,1.6,1.3
3313,6.0,3.3,2.7
3314,10.5,1.3,2.6
3315,10.1,4.5,3.8
3316,12.1,5.8,7.3
3317,11.2,2.7,4.1
3318,10.5,3.4,4.4
3319,9.2,3.7,3.4
3328,11.7,4.6,5.6
3329,10.7,5.3,5.1
3331,11.4,1.3,3.8
3332,11.5,1.1,3.2
3333,11.7,2.5,5.0
3334,10.6,4.1,5.3
3335,10.2,3.8,4.6
3336,10.5,5.0,6.6
3341,8.9,3.9,0.9
3342,9.1,4.5,1.0
3343,9.7,3.3,1.4
3344,10.6,2.3,2.1
3351,6.9,6.3,0.8
3352,6.0,5.7,1.6
3353,6.1,5.5,1.0
3354,5.6,5.0,1.5
3355,5.1,4.9,1.9
3356,3.8,3.5,3.1
3361,2.6,1.7,7.5
3362,2.7,2.4,8.4
3363,2.2,1.1,6.2
3364,1.4,2.2,7.0
3366,2.9,4.6,7.2
3371,5.6,1.9,10.6
3372,9.5,4.9,7.7
3373,5.9,1.0,10.6
3381,11.0,4.7,7.9
3401,1.7,1.3,1.1
3402,1.7,1.3,1.6
3403,2.7,2.1,1.6
3404,1.5,1.8,1.4
3405,6.0,5.3,5.1
3411,11.0,7.4,11.2
3412,4.7,5.2,5.0
3413,9.5,10.0,9.7
3415,14.0,5.7,12.2
3417,6.2,7.9,8.7
3421,9.2,0.9,9.8
3425,7.7,1.9,9.2
3431,4.0,1.8,1.5
3432,4.6,2.0,2.0
3433,4.3,0.4,3.8
3434,3.5,1.3,3.1
3435,2.9,1.0,1.4
3436,3.4,2.2,2.0
3437,5.3,3.9,3.7
3438,5.6,3.6,3.3
3439,5.9,3.8,3.3
3441,3.1,0.4,0.4
3442,3.6,1.0,1.0
3443,4.1,1.3,1.6
3444,4.0,2.5,2.5
3445,2.7,1.7,1.6
3446,1.2,2.7,2.5
3447,1.9,1.6,1.5
3448,4.1,2.5,2.6
3449,4.3,1.9,2.0
3451,4.5,3.7,3.8
3452,5.3,5.1,3.3
3453,5.7,6.5,3.1
3454,4.2,6.6,1.8
3455,6.2,1.5,6.2
3461,3.1,4.7,4.6
3464,8.8,3.4,7.4
3465,9.6,7.3,8.0
3466,7.4,6.2,6.1
3467,10.9,3.5,9.1
3471,6.2,4.4,4.3
3474,9.0,6.1,6.4
3481,6.4,4.5,6.5
3511,3.5,0.4,0.6
3512,3.6,0.3,0.5
3513,2.2,0.8,0.6
3514,3.1,0.9,0.7
3515,3.0,1.3,0.9
3521,4.0,1.6,0.8
3522,5.0,1.7,1.0
3523,5.5,1.7,0.9
3524,5.7,3.2,2.4
3525,6.4,2.7,1.9
3526,4.8,3.2,2.6
3527,3.8,3.0,2.1
3528,4.8,4.7,4.1
3531,2.2,1.8,1.1
3532,1.9,1.8,1.4
3533,2.4,2.9,1.9
3534,1.1,2.9,2.6
3541,2.1,4.5,2.3
3542,2.0,4.0,5.3
3543,2.0,5.7,2.5
3544,2.4,5.3,1.4
3545,4.5,5.8,3.2
3546,5.9,4.6,4.2
3551,1.2,1.7,1.6
3552,1.7,1.7,1.5
3553,0.9,2.7,2.6
3554,1.4,2.6,2.6
3555,1.7,2.0,3.7
3561,3.5,2.7,2.3
3562,2.9,3.2,2.9
3563,1.2,2.5,3.1
3564,1.6,3.0,3.6
3565,0.5,1.4,4.1
3566,3.5,3.6,3.5
3571,4.1,2.2,1.5
3572,4.3,1.4,0.6
3573,5.4,3.0,1.9
3581,4.4,0.8,0.7
3582,4.9,0.9,1.1
3583,5.3,1.5,1.5
3584,6.6,1.4,2.8
3585,6.1,2.7,2.7
3601,2.6,1.2,8.0
3602,3.2,2.4,7.0
3603,1.7,1.4,7.5
3604,2.1,1.6,6.2
3605,0.8,3.1,7.1
3606,1.2,2.9,5.8
3607,1.6,3.9,7.4
3608,1.7,3.5,6.1
3611,2.1,0.5,5.2
3612,5.2,1.9,9.1
3615,4.7,3.1,8.0
3621,6.5,5.5,12.7
3625,6.5,3.1,11.0
3626,9.4,10.4,15.8
3628,9.9,5.5,10.4
3631,9.1,7.7,14.0
3632,10.6,9.8,13.0
3633,11.4,10.9,11.2
3634,11.8,11.8,12.1
3641,8.0,12.2,11.8
3642,9.1,13.3,12.9
3643,7.2,11.4,11.0
3645,11.6,12.9,14.3
3646,8.8,10.0,11.5
3648,10.2,12.4,13.6
3651,13.3,10.4,10.7
3652,13.3,11.2,11.3
3653,13.5,11.6,11.6
3701,11.5,4.6,0.6
3702,11.7,5.1,0.6
3703,10.5,5.0,1.3
3704,11.3,5.4,2.2
3705,11.6,6.0,1.6
3706,11.1,5.9,2.5
3707,11.3,5.8,1.9
3708,11.0,3.4,0.9
3709,9.7,2.6,1.9
3711,13.3,5.6,6.0
3712,9.2,5.4,4.8
3721,8.9,5.3,5.4
3722,11.1,6.6,7.0
3723,10.7,7.2,7.2
3731,7.4,4.0,3.6
3732,8.1,3.5,4.0
3734,12.4,8.7,6.9
3735,11.4,7.5,4.5
3737,6.2,5.6,4.6
3738,7.4,8.0,8.5
3739,4.7,6.1,6.0
3741,10.3,4.9,1.1
3742,9.4,3.9,1.4
3743,9.6,4.2,1.5
3744,8.9,4.7,3.9
3749,11.2,7.5,6.9
3751,11.8,1.8,8.2
3752,11.9,1.7,8.1
3754,13.8,4.8,6.0
3755,8.2,3.6,3.6
3761,6.7,1.4,2.8
3762,6.4,2.1,1.8
3763,7.4,3.5,2.0
3764,5.4,0.7,2.2
3765,5.2,2.1,1.1
3766,5.9,3.0,0.8
3768,3.9,2.5,1.3
3769,7.4,3.7,5.3
3771,6.9,1.4,1.9
3772,8.7,1.8,1.6
3773,7.8,1.1,2.1
3774,5.4,6.5,7.5
3775,9.8,11.0,14.3
3776,4.1,9.2,10.8
3781,2.5,4.3,6.8
3784,9.1,3.2,7.1
3785,10.1,4.6,9.0
3791,12.3,6.9,6.9
3792,12.7,5.9,6.0
3794,13.7,7.2,7.2
3811,3.3,0.5,0.4
3812,2.5,1.5,1.3
3813,5.0,2.1,1.8
3814,4.3,1.2,0.7
3815,5.4,2.2,1.7
3816,4.7,1.7,1.5
3817,3.5,1.5,1.1
3818,2.4,1.7,2.1
3819,0.5,0.9,1.0
3821,6.8,3.7,3.3
3822,7.0,4.0,3.7
3823,7.2,5.2,4.9
3824,7.0,5.8,5.5
3825,9.2,6.7,6.1
3826,10.1,7.5,6.9
3828,5.4,3.9,3.6
3829,8.9,5.8,5.2
3831,8.3,5.6,4.9
3832,7.4,5.3,4.6
3833,7.5,4.6,4.0
3834,8.4,5.5,4.9
3835,7.9,4.8,4.5
3836,9.7,6.3,6.3
3841,0.9,0.8,1.3
3842,2.0,1.8,1.5
3843,2.9,2.5,2.0
3844,2.8,1.8,1.5
3845,4.7,3.7,3.2
3846,0.9,1.4,2.3
3847,4.2,3.8,3.4
3848,2.6,2.7,2.6
3849,5.0,5.2,5.1
3851,3.8,1.3,5.9
3852,5.7,2.3,6.6
3853,3.1,2.8,6.2
3861,11.3,1.0,11.4
3862,10.7,1.7,11.4
3863,13.2,2.3,10.4
3864,11.9,4.0,8.5
3871,9.6,6.3,6.2
3881,5.1,2.1,10.8
3882,5.1,3.5,11.8
3886,6.8,6.9,16.0
3888,11.5,12.2,14.9
3891,11.2,11.7,12.4
3892,12.3,12.8,13.5
3893,11.9,12.5,13.2
3894,10.0,10.6,11.3
3895,-99997.0,-99997.0,-99997.0
3896,13.4,11.3,16.6
3897,14.2,14.8,16.1
3898,6.8,7.4,8.1
3899,12.6,13.2,13.9
3901,2.4,0.8,0.7
3902,1.4,1.4,1.8
3903,4.5,2.7,2.3
3904,3.9,2.3,1.7
3905,2.2,1.5,1.6
3906,4.0,2.8,2.5
3907,2.5,2.5,2.7
3911,2.5,1.7,6.8
3912,2.8,1.5,7.5
3921,7.7,3.9,6.4
3922,8.8,2.7,7.7
3925,10.1,10.5,10.6
3927,6.3,6.8,7.2
3931,12.0,9.9,9.4
3941,14.7,1.6,7.9
3945,12.8,4.6,4.2
3947,14.4,3.4,5.6
3951,12.4,5.5,10.5
3953,13.5,8.1,11.7
3956,13.2,3.4,8.6
3958,11.1,1.0,8.9
3959,6.7,5.2,5.1
3961,13.6,1.9,1.5
3962,14.1,1.7,1.3
3971,11.7,1.6,3.9
3972,11.0,1.2,4.5
3981,7.0,3.6,4.1
3984,6.6,4.4,4.9
3985,6.9,7.8,6.9
3989,9.2,6.1,8.1
3991,1.8,6.1,2.1
3992,1.5,4.1,1.5
3993,1.5,4.8,1.6
3994,2.6,7.2,2.7
3995,1.5,5.9,1.6
3997,5.9,9.0,5.9
3998,6.8,6.1,5.6
3999,7.5,5.0,6.6
4001,2.8,1.0,0.9
4002,2.5,2.1,1.9
4003,3.1,2.7,2.6
4004,1.4,2.9,3.1
4005,1.5,1.2,1.3
4006,4.6,2.5,2.3
4007,6.4,4.3,4.1
4011,4.7,5.0,5.5
4012,5.7,4.2,5.4
4013,6.2,5.3,5.2
4014,8.0,6.1,6.0
4016,7.8,4.7,7.4
4017,4.8,3.7,3.6
4021,8.3,5.7,8.3
4023,9.9,3.6,3.8
4024,8.5,3.7,10.6
4031,9.0,3.2,9.7
4032,6.6,1.5,9.2
4033,6.8,2.4,9.9
4041,4.3,4.4,9.7
4043,7.7,7.6,8.9
4051,7.0,7.0,11.7
4053,6.5,7.0,9.0
4054,3.7,4.9,6.2
4061,9.4,7.2,7.0
4062,6.7,4.5,4.3
4063,13.7,11.4,11.3
4064,11.7,9.5,9.4
4101,10.5,0.9,1.0
4102,11.2,2.0,2.1
4103,10.1,1.3,1.6
4104,9.0,0.6,2.2
4105,8.7,1.5,1.9
4106,7.8,2.5,3.3
4107,6.6,3.2,4.4
4111,12.7,4.5,1.8
4112,12.9,5.8,0.6
4115,11.6,3.0,3.5
4116,9.7,0.8,6.2
4117,7.9,2.4,7.5
4119,11.8,5.3,3.5
4121,9.3,5.8,6.0
4122,7.0,6.7,8.5
4124,9.7,3.5,8.5
4125,9.4,3.1,8.6
4126,9.1,7.4,12.4
4128,10.6,6.1,10.6
4131,7.5,1.0,7.4
4132,6.6,0.6,6.5
4133,7.0,2.0,6.9
4141,1.5,0.7,12.7
4142,2.5,1.1,11.4
4143,1.9,1.6,12.4
4145,4.5,4.3,10.1
4147,3.6,2.5,13.0
4151,3.6,3.8,12.7
4152,2.0,4.6,12.0
4153,2.5,6.6,10.7
4155,3.8,3.1,13.9
4156,3.9,5.3,12.9
4157,6.0,7.9,13.4
4158,7.9,9.0,13.7
4161,5.1,4.2,10.2
4163,4.0,1.3,10.0
4171,9.8,4.9,12.1
4174,11.2,7.5,13.6
4175,10.9,10.1,11.6
4176,11.9,9.4,9.5
4181,12.0,9.0,9.0
4182,13.9,10.3,11.4
4184,15.5,12.4,12.8
4185,12.6,8.7,10.5
4191,11.1,5.1,10.3
4194,11.3,7.4,12.0
4196,8.6,6.1,9.0
4197,10.5,4.2,8.4
4201,14.9,0.4,0.3
4202,14.2,1.9,1.9
4203,14.4,1.8,1.7
4204,14.5,2.0,1.8
4205,14.0,2.1,0.9
4206,13.5,1.7,1.4
4207,13.6,2.1,1.8
4208,13.1,2.5,3.3
4209,13.3,4.8,4.2
4211,10.2,4.9,4.7
4212,10.4,4.6,4.4
4213,13.6,2.0,2.8
4214,10.9,2.1,5.9
4221,11.7,7.1,5.1
4223,14.0,7.6,5.6
4225,13.4,10.0,9.2
4231,10.3,9.8,10.1
4233,15.2,9.8,15.4
4235,16.2,9.0,16.2
4241,10.6,5.0,3.9
4243,7.0,6.5,8.0
4245,5.6,5.2,11.3
4247,6.8,4.3,7.8
4251,21.3,9.2,9.7
4254,20.1,4.4,8.4
4255,18.2,9.3,10.0
4261,12.7,6.3,11.7
4264,13.3,8.2,13.2
4265,10.1,6.7,9.5
4266,8.2,7.9,7.5
4267,6.8,6.6,6.2
4268,10.0,9.7,9.3
4269,11.7,10.2,11.1
4271,11.6,10.1,10.2
4273,16.0,7.0,7.0
4281,15.1,6.2,14.5
4283,16.2,4.2,14.8
4284,17.4,2.9,13.8
4285,20.1,1.0,11.5
4286,16.4,6.6,10.3
4287,16.2,6.3,13.4
4288,17.0,4.7,13.1
4301,22.2,1.0,1.6
4302,22.7,1.7,2.5
4303,22.7,1.5,1.9
4305,22.2,2.1,5.7
4306,19.2,5.4,5.6
4307,16.8,6.6,8.3
4308,17.6,4.1,9.9
4311,13.2,9.6,12.5
4315,22.0,0.7,7.3
4316,23.3,4.5,9.0
4317,23.0,4.6,5.5
4318,20.3,7.8,10.2
4321,19.0,5.4,6.3
4322,17.5,10.4,12.9
4323,15.0,8.1,13.5
4325,12.7,5.7,15.9
4326,12.9,5.9,13.8
4327,12.7,6.5,11.2
4328,8.1,1.7,17.0
4331,3.4,0.6,0.4
4332,4.5,1.3,0.9
4333,5.1,1.9,1.6
4334,4.4,2.0,1.4
4335,3.7,2.1,1.6
4336,2.1,2.6,2.2
4337,2.2,2.7,2.3
4338,3.5,3.6,3.7
4339,3.5,5.6,5.5
4341,6.0,5.5,5.7
4351,9.8,1.3,6.5
4352,9.8,3.7,6.5
4353,9.6,6.2,6.2
4354,12.0,5.9,9.6
4356,11.5,2.6,10.3
4357,9.2,0.6,12.3
4361,7.5,0.8,14.8
4363,7.2,2.6,10.6
4364,7.6,6.0,5.9
4365,3.8,6.0,8.6
4371,3.8,5.4,4.7
4373,1.9,7.8,7.2
4374,2.5,5.6,9.8
4381,0.6,0.7,0.5
4382,1.1,1.7,1.2
4383,0.9,2.2,1.8
4384,2.7,3.3,2.6
4385,2.1,3.4,3.0
4386,2.5,3.9,3.6
4387,3.2,4.2,3.9
4388,3.0,4.1,3.8
4389,4.3,5.4,5.2
4401,16.0,0.7,13.4
4411,20.3,14.3,0.9
4413,20.5,9.1,5.5
4414,19.8,10.2,9.3
4415,17.9,7.0,8.3
4416,14.8,5.9,11.6
4417,11.1,6.2,11.8
4421,8.6,1.4,6.7
4423,9.9,5.1,10.6
4424,13.1,5.8,9.8
4431,3.4,4.5,6.5
4433,3.1,8.8,10.7
4434,1.2,8.5,10.2
4435,4.1,11.4,13.2
4436,5.1,11.7,13.7
4437,8.5,11.9,17.2
4438,7.4,8.7,14.4
4441,5.9,8.2,12.8
4443,4.2,8.8,9.2
4444,4.1,5.9,6.1
4451,4.0,6.7,8.3
4453,8.4,3.3,12.7
4454,12.5,6.5,17.2
4455,8.5,0.7,12.4
4456,6.4,3.6,10.7
4458,1.1,5.4,5.5
4461,5.4,0.9,1.0
4462,6.0,2.3,2.4
4463,5.5,1.9,1.7
4464,6.9,2.3,2.4
4465,7.8,3.2,3.3
4471,6.4,7.6,7.4
4472,3.1,2.6,2.3
4474,10.1,5.0,5.6
4475,7.6,3.5,3.5
4481,6.8,2.3,2.6
4482,6.5,3.0,4.1
4484,14.0,11.8,11.5
4485,11.6,9.4,9.1
4486,15.0,12.3,12.0
4491,12.8,16.1,16.7
4493,10.6,13.6,17.4
4494,14.9,14.5,14.2
4501,7.5,9.2,28.0
4503,3.7,5.7,29.9
4504,1.0,8.6,32.9
4505,4.9,6.6,31.6
4506,6.0,8.6,36.4
4507,8.3,5.9,24.9
4508,11.5,6.2,23.5
4511,7.8,1.3,27.3
4513,14.3,6.8,20.1
4515,14.7,1.1,18.8
4521,19.7,5.8,14.1
4522,18.1,5.5,15.9
4524,1.4,0.7,36.5
4525,6.4,5.3,36.9
4527,5.5,0.9,33.8
4528,9.6,4.8,29.4
4529,8.5,3.8,35.2
4531,28.9,0.5,0.5
4532,30.1,1.9,2.0
4533,31.8,3.6,3.7
4535,32.2,4.0,4.1
4536,31.3,3.2,3.3
4537,29.9,1.8,1.9
4538,31.3,3.3,3.3
4539,34.4,4.8,6.4
4541,32.8,6.1,7.8
4542,27.8,6.0,5.7
4543,36.8,6.3,8.7
4551,36.1,1.4,14.2
4553,27.1,9.4,9.5
4554,38.2,2.4,14.8
4561,48.3,1.4,20.2
4562,49.7,2.3,21.6
4564,50.1,2.7,22.0
4565,51.5,3.6,23.4
4566,48.8,5.2,20.7
4567,51.9,4.4,23.8
4568,56.7,9.7,28.6
4569,51.6,7.5,23.5
4571,38.7,1.1,10.9
4574,42.8,5.8,15.7
4575,45.5,9.1,18.2
4576,46.6,8.6,19.3
4581,41.5,8.8,13.4
4583,45.5,4.6,17.4
4584,46.6,7.1,18.5
4585,43.2,9.8,15.1
4586,48.3,8.0,20.2
4587,45.9,11.1,17.8
4588,46.8,12.7,18.7
4589,43.5,14.7,15.4
4611,3.8,0.6,0.6
4612,4.4,1.5,1.2
4613,2.4,1.4,1.5
4614,2.4,2.2,2.3
4615,5.0,1.5,1.3
4616,6.2,2.7,2.5
4617,7.0,3.4,3.2
4621,4.2,1.8,1.7
4622,4.4,2.8,2.9
4623,4.6,2.7,2.7
4624,5.2,2.3,2.0
4625,6.4,3.1,2.9
4631,12.3,9.0,1.2
4634,12.4,9.0,2.3
4635,14.4,11.8,4.2
4641,16.2,12.8,3.8
4645,21.5,18.1,9.1
4651,9.0,12.3,12.3
4652,9.8,13.1,13.2
4655,11.9,13.9,15.2
4661,1.6,4.5,4.6
4664,4.3,7.3,7.4
4671,15.8,14.0,14.0
4675,18.3,10.2,21.0
4681,11.3,10.5,14.3
4691,6.7,8.8,9.0
4693,12.1,7.5,14.5
4694,14.8,7.4,17.2
4695,17.1,7.4,19.5
4696,23.6,7.5,25.9
4697,18.4,0.6,20.7
4698,10.5,8.5,12.8
4701,2.9,0.7,0.7
4702,4.0,1.5,1.6
4703,1.8,1.5,2.1
4704,5.1,3.3,3.7
4705,5.3,2.8,3.0
4706,6.0,3.4,3.5
4707,4.4,2.8,2.6
4708,4.2,3.4,3.5
4709,8.2,6.7,6.4
4711,12.7,4.5,6.0
4714,11.0,5.5,6.3
4715,10.1,3.2,7.4
4721,11.6,7.1,9.2
4722,12.7,7.5,10.3
4724,4.1,5.5,6.1
4725,8.6,8.2,7.9
4726,6.4,6.7,6.8
4727,6.9,7.7,7.8
4731,11.4,1.1,1.1
4735,8.2,3.0,4.6
4741,13.9,4.1,4.7
4744,10.3,1.2,4.0
4751,8.6,5.4,5.6
4754,11.3,7.8,7.8
4756,6.4,7.6,8.2
4758,13.6,4.7,4.6
4759,15.9,3.8,8.4
4761,13.9,6.4,11.1
4762,13.5,7.5,10.4
4765,6.3,13.7,14.7
4766,7.0,13.3,13.5
4771,10.1,10.3,11.4
4772,10.3,10.7,11.6
4781,7.4,11.0,15.7
4782,7.7,10.8,15.8
4791,16.8,1.2,11.8
4793,14.7,6.1,9.6
4794,17.2,10.0,13.4
4796,17.6,6.6,13.0
4797,20.9,8.4,16.1
4811,1.2,0.9,0.8
4812,2.0,2.8,2.4
4813,2.9,3.8,3.5
4814,1.1,2.3,2.2
4815,1.7,1.9,2.2
4816,2.5,1.7,2.0
4817,1.4,2.3,2.2
4818,2.5,1.7,1.1
4819,2.1,2.2,1.5
4822,4.4,5.9,6.0
4823,4.2,6.5,6.7
4824,2.8,4.5,4.6
4825,1.4,3.6,3.9
4826,1.6,2.8,3.2
4827,2.7,2.8,3.1
4834,3.7,3.2,2.6
4835,3.3,2.7,2.0
4836,4.9,5.9,5.2
4837,3.2,3.0,2.3
4838,5.5,6.0,5.7
4839,4.5,4.8,5.2
4841,5.2,5.6,6.2
4844,4.0,7.2,7.5
4845,6.8,9.5,9.7
4847,3.2,3.1,3.5
4849,3.6,5.8,5.0
4851,6.2,5.6,4.9
4854,5.0,4.9,4.6
4855,5.6,9.4,8.7
4856,7.4,10.1,9.3
4858,8.1,7.5,6.7
4859,8.3,8.2,7.9
4861,12.7,12.8,12.1
4871,9.1,1.7,2.6
4872,9.0,0.7,1.2
4873,8.4,1.9,1.6
4874,11.0,1.3,2.0
4875,10.1,0.4,1.0
4876,9.5,1.6,1.7
4877,11.4,1.7,2.3
4878,10.7,1.0,1.7
4879,10.7,2.3,2.7
4881,7.1,1.1,13.6
4882,6.8,2.2,12.0
4884,10.2,3.9,16.7
4885,13.3,7.0,14.4
4891,2.6,6.0,8.4
4901,8.2,1.0,0.7
4902,7.2,1.2,1.5
4903,6.3,3.7,3.0
4904,6.8,2.0,1.4
4905,7.5,1.6,1.1
4906,7.8,3.1,3.3
4907,9.8,2.3,2.0
4908,10.3,3.0,2.5
4909,9.0,3.3,4.3
4911,7.0,4.5,4.8
4921,8.4,6.3,6.4
4924,9.2,6.1,6.3
4926,1.4,14.2,14.4
4927,4.6,9.7,9.8
4931,13.7,0.9,0.9
4941,12.2,1.7,1.7
4942,12.8,1.9,1.8
4944,9.1,4.6,4.6
5011,8.1,2.2,4.2
5012,7.6,2.6,4.0
5013,5.8,1.5,2.2
5014,5.8,1.3,2.0
5015,5.7,2.6,2.1
5017,4.4,1.6,0.7
5018,4.3,2.2,1.4
5021,3.9,1.9,1.1
5022,3.1,3.0,2.1
5025,5.2,1.9,1.4
5026,5.6,3.1,2.5
5032,7.5,4.0,3.9
5035,12.0,7.5,9.1
5036,11.7,6.8,7.7
5037,6.8,2.3,2.5
5038,5.2,0.8,0.7
5041,6.2,0.7,1.6
5042,7.8,1.8,3.3
5043,11.2,5.1,6.6
5044,9.4,3.3,4.8
5045,11.3,6.8,8.3
5046,6.9,0.6,2.4
5047,10.1,4.1,6.8
5048,8.4,3.8,5.5
5049,8.2,2.6,4.7
5051,5.5,5.3,4.6
5052,6.4,5.6,5.0
5053,4.4,4.4,3.7
5056,8.4,5.9,5.0
5057,9.1,6.2,5.8
5059,8.1,5.9,3.2
5061,10.4,8.0,1.4
5062,11.6,8.7,1.6
5063,10.0,7.9,2.2
5066,9.0,8.2,1.0
5071,9.8,7.7,6.0
5074,12.2,8.8,5.5
5076,14.2,7.9,3.5
5081,4.3,0.9,8.9
5084,4.8,3.6,5.6
5085,7.5,3.8,12.1
5087,7.7,4.2,10.4
5089,9.0,6.7,7.5
5091,13.1,6.7,11.8
5094,13.5,3.6,18.0
5095,16.3,0.8,20.7
5096,16.6,4.1,16.8
5101,9.2,0.9,5.9
5102,8.9,1.8,6.3
5103,7.7,1.9,7.8
5104,8.4,1.0,7.3
5105,8.2,3.1,8.3
5106,5.7,4.0,6.3
5107,10.2,3.3,6.8
5109,5.7,5.3,7.5
5111,19.3,19.1,18.7
5113,16.2,18.6,17.9
5114,25.9,28.3,27.5
5121,8.0,5.9,8.1
5122,8.7,6.4,9.0
5124,6.9,8.9,8.3
5125,10.6,9.0,9.7
5126,11.8,11.0,10.9
5131,15.2,13.5,13.1
5133,8.4,6.7,6.3
5141,1.3,1.0,1.2
5142,2.6,2.6,1.3
5143,2.1,2.4,1.7
5144,1.0,1.5,1.5
5145,4.4,4.0,3.2
5146,1.8,2.4,3.5
5151,6.2,6.1,5.5
5152,5.3,5.2,4.5
5154,7.5,4.8,6.8
5156,-99997.0,-99997.0,-99997.0
5157,-99997.0,-99997.0,-99997.0
5158,-99997.0,-99997.0,-99997.0
5161,2.3,4.3,4.5
5165,6.3,7.5,7.4
5171,1.3,4.5,2.1
5172,1.7,5.7,1.9
5175,4.3,7.1,4.7
5176,4.9,6.7,5.0
5211,4.7,0.6,0.5
5212,3.7,1.3,1.2
5213,4.1,1.6,1.6
5215,4.7,1.6,1.6
5216,5.5,1.5,1.3
5221,5.8,4.4,5.7
5222,5.7,2.7,1.8
5223,6.0,2.3,2.0
5224,6.5,4.0,3.6
5231,2.5,3.0,2.6
5232,2.7,2.9,2.9
5233,1.6,3.8,3.7
5234,1.7,4.2,4.5
5235,0.9,4.8,4.9
5236,2.0,6.3,6.2
5237,2.4,3.6,4.8
5241,4.5,5.8,5.8
5242,5.6,5.3,5.6
5243,5.5,6.5,6.7
5244,6.7,6.7,7.0
5245,3.8,6.8,6.8
5246,5.2,3.1,3.1
5247,4.9,7.4,7.5
5248,7.0,5.3,6.3
5249,7.5,9.0,9.1
5251,9.7,7.4,7.6
5252,10.0,7.9,7.9
5253,9.3,7.9,8.5
5254,9.9,6.3,9.0
5255,-99997.0,-99997.0,-99997.0
5256,9.8,1.5,8.6
5257,-99997.0,-99997.0,-99997.0
5258,9.7,4.0,4.6
5261,8.8,3.6,0.9
5262,10.6,3.1,2.0
5263,9.1,2.4,2.1
5264,7.0,2.3,2.3
5266,11.8,2.4,5.4
5268,14.3,5.6,6.5
5271,10.9,4.9,5.4
5272,10.6,5.7,6.1
5275,9.6,3.6,5.8
5281,14.8,1.2,8.9
5282,15.6,1.2,7.6
5283,14.4,1.8,9.1
5291,14.1,4.8,6.8
5292,13.1,4.5,4.7
5293,13.3,5.5,6.0
5294,14.0,5.2,5.7
5296,14.5,3.2,5.8
5298,11.4,4.5,9.0
5301,7.3,1.2,1.2
5302,6.2,2.0,1.9
5305,12.5,8.9,9.4
5306,10.9,6.9,10.9
5307,14.4,6.5,14.1
5308,10.8,9.2,11.2
5311,8.1,4.0,4.1
5313,10.3,6.1,6.2
5314,4.6,4.2,4.2
5315,4.3,3.7,6.1
5316,6.5,5.0,8.4
5317,7.9,6.1,10.4
5318,7.5,3.9,12.0
5321,1.1,0.9,7.9
5324,3.3,1.1,9.4
5325,5.2,3.0,9.8
5327,9.6,5.5,5.4
5328,8.4,6.6,6.5
5331,6.3,6.8,8.6
5333,6.0,5.9,10.3
5334,4.3,4.8,7.8
5335,8.8,7.7,7.6
5341,4.4,0.8,0.6
5342,2.9,1.3,1.6
5343,3.3,2.7,2.6
5344,4.1,2.5,2.3
5345,5.3,2.2,1.9
5346,5.6,2.0,1.7
5347,5.4,1.9,2.0
5348,4.6,1.3,1.5
5349,4.3,2.8,3.2
5351,6.2,4.1,4.3
5352,11.3,9.3,9.7
5353,13.6,10.8,10.9
5354,12.8,10.7,11.0
5355,10.9,9.1,9.9
5356,10.2,7.6,9.2
5357,11.1,6.6,10.1
5358,10.1,8.3,9.1
5359,11.1,5.1,9.5
5361,8.6,1.1,6.9
5363,9.6,2.2,8.0
5364,10.2,2.5,8.6
5366,10.9,7.6,7.6
5367,8.8,5.1,5.2
5368,10.1,7.3,7.5
5371,9.8,7.9,8.7
5373,10.6,8.8,9.4
5374,7.5,8.6,10.0
5375,10.8,4.8,10.6
5381,6.8,6.4,7.3
5382,8.6,6.7,7.4
5383,6.4,5.8,7.1
5384,1.5,4.6,5.0
5386,6.5,6.3,6.1
5388,4.3,7.1,6.3
5391,8.0,8.6,8.4
5392,8.6,9.3,9.0
5394,7.7,7.5,7.5
5395,8.7,5.2,4.9
5396,10.2,6.7,6.4
5397,11.8,8.8,8.4
5398,10.6,11.2,11.0
5401,4.2,0.9,0.6
5402,4.0,1.8,1.0
5403,4.0,2.7,2.0
5404,4.6,1.4,1.1
5405,2.7,2.6,1.7
5406,4.2,2.7,2.2
5408,1.9,4.3,3.4
5409,3.3,8.0,7.1
5411,5.1,7.2,6.4
5421,10.6,2.1,10.6
5422,10.7,2.6,11.6
5423,8.9,4.4,12.0
5424,10.3,8.1,15.9
5425,10.3,5.0,10.3
5427,5.3,5.6,8.4
5428,7.4,9.1,11.5
5431,12.9,1.3,1.2
5432,14.0,2.5,2.4
5433,14.7,2.9,2.9
5434,11.4,2.8,2.9
5435,12.3,0.9,3.0
5437,12.2,1.2,4.4
5438,11.6,3.3,8.3
5439,15.4,3.8,5.9
5441,12.5,2.5,5.4
5443,8.0,5.4,5.7
5445,4.6,12.5,14.4
5446,2.9,10.1,11.3
5447,7.2,8.8,10.1
5449,4.9,10.7,11.8
5451,7.7,6.5,10.3
5453,8.1,6.9,10.3
5454,5.5,7.5,9.9
5455,5.5,9.9,13.1
5461,1.3,7.1,1.0
5462,2.0,7.9,1.4
5463,2.7,7.6,1.2
5464,3.1,5.2,3.2
5465,6.4,7.9,4.8
5466,5.9,5.5,4.8
5467,2.0,6.2,1.9
5469,7.1,6.3,5.8
5471,6.1,3.9,6.2
5472,6.4,3.6,6.0
5473,5.5,2.4,2.8
5476,3.6,5.3,4.9
5481,10.1,1.3,1.6
5482,8.9,1.8,1.7
5491,10.6,2.3,6.6
5492,10.6,1.7,7.4
5501,2.1,1.9,0.7
5502,2.2,0.8,1.2
5503,1.1,2.0,1.5
5504,1.9,3.8,2.9
5505,2.1,3.5,2.2
5506,2.9,3.0,1.8
5507,4.6,4.1,3.2
5508,3.7,2.6,1.9
5509,3.3,1.5,1.5
5511,6.0,6.7,6.4
5512,10.9,8.7,10.2
5513,8.4,7.5,6.9
5521,10.3,1.1,5.4
5524,6.2,4.6,7.4
5525,11.0,2.8,7.8
5527,13.8,5.2,10.3
5528,11.5,6.6,11.2
5529,13.8,8.5,13.6
5531,16.6,7.6,13.1
5534,16.4,7.0,16.2
5541,19.1,4.4,17.3
5551,7.5,2.7,3.3
5552,7.1,1.1,1.8
5553,8.2,1.3,1.7
5554,8.4,1.0,1.0
5555,8.7,1.2,1.1
5556,14.2,6.4,6.4
5561,7.7,4.5,4.8
5563,10.4,3.3,3.5
5571,13.4,1.6,1.6
5575,17.5,5.6,5.6
5581,3.4,0.8,5.0
5582,5.7,2.6,4.0
5583,6.6,3.4,4.1
5591,8.6,4.5,9.4
5595,12.9,4.7,7.2
5611,5.6,0.6,0.6
5612,4.0,1.4,1.0
5613,6.2,0.8,1.0
5614,6.6,1.2,0.5
5615,5.4,1.1,1.0
5616,5.1,1.5,0.9
5617,4.4,1.9,0.4
5621,3.4,2.3,0.9
5622,2.6,2.7,1.7
5623,2.9,2.7,2.3
5624,1.4,4.1,3.0
5625,2.0,4.3,3.8
5626,2.4,5.6,4.4
5627,1.7,6.2,5.2
5628,1.6,5.2,4.6
5629,2.2,6.1,5.7
5631,4.1,3.3,2.9
5632,3.5,5.2,4.9
5633,4.5,6.0,6.5
5641,4.7,2.9,1.2
5642,5.3,2.0,0.9
5643,6.9,1.8,1.3
5644,6.2,1.4,1.3
5645,6.8,2.5,2.1
5646,7.5,2.8,2.1
5647,6.0,3.3,3.2
5651,4.6,2.9,1.3
5652,4.8,2.8,2.0
5653,3.2,2.7,3.1
5654,3.9,2.2,2.5
5655,2.4,3.1,3.6
5656,-99997.0,-99997.0,-99997.0
5657,4.9,3.3,3.5
5658,4.7,2.6,3.1
5661,5.6,2.5,5.5
5662,3.6,1.8,3.9
5663,4.9,2.1,5.1
5664,3.9,0.9,5.5
5665,4.2,1.4,6.8
5666,3.3,0.9,6.2
5667,2.4,1.4,5.4
5671,5.7,6.6,5.0
5672,4.6,6.0,4.3
5673,5.6,7.0,6.0
5674,6.3,6.5,5.8
5681,5.0,3.4,3.0
5682,4.9,4.0,2.1
5683,3.7,3.6,1.7
5684,4.6,4.9,1.0
5685,5.9,5.4,1.7
5688,10.7,1.5,6.5
5689,10.5,2.1,7.5
5691,6.8,4.0,4.7
5692,8.7,4.6,5.9
5694,8.2,5.8,6.2
5701,1.1,1.2,1.1
5702,2.3,1.6,2.3
5703,2.6,2.7,2.5
5704,5.0,5.0,5.0
5705,1.7,1.5,1.7
5706,3.5,3.2,3.5
5707,1.7,1.5,1.7
5708,3.9,3.9,4.2
5709,4.1,4.1,4.1
5711,11.6,3.3,12.7
5712,14.3,6.0,13.6
5715,8.0,5.3,8.0
5721,8.2,1.8,12.7
5724,6.2,3.4,11.0
5725,11.2,4.4,15.2
5731,4.8,5.1,6.3
5735,4.5,4.4,4.5
5737,8.0,8.0,3.1
5738,10.7,9.3,1.1
5741,7.4,6.5,5.1
5751,1.9,1.2,10.8
5752,4.1,3.0,11.1
5753,1.4,2.0,11.0
5754,2.8,2.2,12.0
5756,3.6,4.0,9.3
5757,5.0,5.8,15.5
5758,9.6,11.7,11.0
5759,5.9,11.8,10.0
5761,7.3,6.8,7.4
5763,6.9,5.9,10.4
5764,12.1,11.3,12.6
5766,6.8,7.0,14.0
5768,7.8,10.0,8.1
5801,3.3,1.3,1.1
5802,3.0,2.0,2.0
5803,1.6,1.9,2.1
5804,2.4,1.2,1.7
5807,3.8,3.8,3.9
5808,6.0,5.9,6.0
5809,4.7,2.9,2.8
5811,8.5,5.2,7.3
5812,5.8,3.8,3.4
5813,9.4,8.1,8.0
5814,8.5,6.6,6.4
5815,5.5,3.8,3.7
5816,9.4,8.7,9.3
5817,3.6,4.9,5.7
5821,4.4,5.6,9.9
5823,5.4,6.7,7.5
5824,4.9,5.0,7.1
5825,1.4,1.5,6.7
5826,5.8,6.5,11.1
5827,7.0,7.4,12.6
5831,10.6,8.3,11.4
5835,11.3,5.3,8.3
5836,8.5,9.0,13.3
5841,7.0,8.5,13.7
5843,7.1,7.8,12.3
5844,3.7,5.3,10.5
5845,6.7,9.1,14.1
5846,5.4,10.3,12.9
5851,4.0,8.8,15.4
5853,7.0,11.7,18.6
5854,1.7,9.5,13.0
5855,7.3,12.4,12.7
5856,11.8,15.2,15.6
5861,8.1,8.1,8.3
5862,6.5,7.0,7.1
5863,10.5,9.2,10.6
5864,9.2,7.0,9.3
5865,11.1,4.7,11.3
5866,12.7,4.7,12.9
5871,14.1,6.7,14.8
5872,13.0,5.8,13.8
5911,1.9,0.6,0.5
5912,3.6,1.7,1.4
5913,2.2,1.3,1.7
5914,1.2,1.8,1.5
5915,3.6,2.2,2.5
5916,1.2,3.0,3.1
5921,4.4,2.5,2.2
5922,4.8,2.9,2.6
5923,5.1,3.2,2.9
5924,5.8,3.9,3.6
5925,6.0,4.1,3.8
5926,5.1,4.2,4.0
5927,4.3,5.2,4.9
5928,5.6,3.5,3.4
5931,6.1,1.8,3.9
5932,7.2,1.6,5.2
5935,7.5,0.7,5.2
5941,4.5,5.8,5.3
5943,8.3,8.3,9.1
5944,12.0,8.2,12.8
5951,10.5,3.2,8.2
5953,10.8,7.1,10.1
5954,10.6,8.0,9.7
5961,9.7,1.2,11.5
5962,11.9,1.0,12.9
5963,7.7,2.1,12.4
5964,9.6,2.5,10.1
5966,7.7,5.8,11.6
5971,6.7,7.7,7.4
5973,10.6,5.5,11.3
5975,4.5,5.7,11.3
5976,4.4,6.4,12.7
5977,3.7,10.0,10.7
5981,1.2,2.3,0.9
5984,4.8,5.3,4.2
5985,5.6,7.9,6.0
5986,2.8,5.2,3.3
5987,1.8,2.9,2.0
5988,2.6,1.0,1.9
5991,5.7,2.8,7.9
5993,1.8,6.7,6.9
5995,7.6,5.1,7.1
6001,22.1,0.8,0.8
6002,23.0,2.6,2.5
6003,21.2,2.2,2.2
6004,21.4,1.9,2.4
6005,22.5,3.5,3.9
6006,23.9,2.3,2.2
6011,18.2,7.8,8.6
6012,17.1,6.8,10.8
6013,14.6,4.5,12.1
6014,13.0,2.2,14.3
6015,14.4,3.5,14.5
6017,11.3,0.6,13.6
6019,8.5,3.3,11.5
6021,21.4,10.6,11.0
6023,23.8,12.0,11.9
6024,25.4,11.0,10.6
6026,17.9,5.2,9.9
6027,19.2,7.6,11.5
6028,19.1,10.0,11.0
6029,13.5,1.0,11.8
6031,18.0,3.1,6.1
6034,15.8,0.9,7.6
6035,14.6,4.2,9.4
6037,16.5,8.1,10.4
6039,21.9,7.7,8.0
6041,11.8,1.0,1.1
6042,12.0,2.5,2.3
6043,11.2,2.2,2.0
6044,10.2,2.1,2.1
6045,9.6,2.0,2.1
6049,10.5,2.8,2.8
6051,5.3,1.1,9.9
6061,2.3,4.2,9.3
6063,3.8,6.4,11.0
6065,5.6,5.2,8.9
6067,7.1,4.5,6.0
6071,15.1,6.4,6.5
6074,7.7,3.0,4.7
6075,7.2,6.3,7.8
6077,5.6,1.2,6.3
6081,12.6,2.4,8.2
6082,12.3,4.0,9.0
6083,11.5,2.6,9.4
6085,15.3,4.8,5.3
6086,8.7,4.6,8.9
6088,9.1,2.5,9.3
6089,7.0,6.9,7.8
6091,15.6,6.1,11.8
6092,14.9,6.4,12.7
6093,11.9,3.5,11.3
6095,15.0,6.2,9.4
6096,12.6,5.3,11.5
6097,11.2,5.5,8.9
6099,12.8,6.4,6.8
6101,1.7,1.1,12.7
6102,2.2,2.8,12.0
6104,9.0,9.7,16.0
6105,6.9,8.1,13.8
6107,7.8,0.7,14.3
6109,6.0,2.8,16.3
6111,1.7,3.2,11.7
6112,1.8,3.3,11.3
6114,5.6,5.4,8.1
6116,7.6,5.9,11.8
6118,2.5,5.2,4.5
6121,5.7,6.7,6.2
6122,5.5,7.7,7.2
6123,5.5,7.9,7.5
6124,8.0,9.0,8.5
6125,7.8,7.9,8.4
6127,8.4,9.3,9.0
6129,5.6,4.1,6.9
6131,2.2,0.9,0.6
6132,4.0,2.5,2.1
6133,2.4,1.8,1.6
6134,1.4,2.2,1.6
6135,2.0,2.4,1.9
6136,1.9,1.7,0.9
6137,3.4,2.5,1.6
6141,2.8,3.4,2.9
6142,2.3,4.2,3.5
6143,4.1,5.0,4.5
6151,4.6,3.6,3.6
6153,5.1,4.0,3.9
6155,6.5,6.2,6.3
6161,4.3,4.3,4.8
6162,3.2,4.2,3.6
6163,2.6,4.7,3.9
6164,5.6,3.9,6.0
6165,4.7,4.2,5.1
6166,3.5,4.5,3.9
6167,4.4,5.5,5.7
6171,7.8,1.2,9.1
6174,6.4,5.2,6.8
6176,7.5,4.1,7.9
6181,9.7,1.3,10.3
6191,7.7,1.4,8.1
6199,-99997.0,-99997.0,-99997.0
6211,6.3,0.7,0.6
6212,5.9,1.3,1.6
6213,7.5,2.3,2.5
6214,6.7,1.4,1.3
6215,8.8,3.5,3.4
6216,8.0,2.6,2.4
6217,7.8,2.1,1.9
6218,9.2,3.5,3.2
6219,7.6,2.1,1.1
6221,5.0,0.6,0.7
6222,7.4,2.8,2.5
6223,10.4,6.3,5.8
6224,5.8,1.3,1.4
6225,7.3,3.5,3.6
6226,6.0,2.1,2.2
6227,4.8,2.6,2.8
6228,3.6,3.2,3.6
6229,3.0,2.0,2.4
6231,6.2,6.0,5.9
6235,6.7,5.0,7.1
6237,10.7,3.0,10.3
6241,8.0,6.6,6.7
6243,10.9,3.6,10.2
6245,3.3,7.7,8.1
6247,3.1,5.4,5.8
6251,5.8,7.6,8.0
6252,5.7,7.5,7.9
6255,10.7,9.9,12.2
6261,8.7,10.4,11.2
6262,8.8,9.0,9.8
6265,6.4,8.4,8.8
6267,6.2,5.4,5.7
6268,6.5,4.5,4.7
6269,4.9,5.1,5.8
6271,7.8,2.3,9.2
6273,5.9,3.2,7.3
6274,8.0,6.3,9.1
6276,12.5,7.3,13.7
6277,12.2,8.4,13.2
6278,10.7,6.7,11.9
6281,11.1,5.8,12.7
6285,13.9,7.7,15.3
6286,8.7,4.8,10.6
6287,7.1,4.4,8.6
6289,7.1,3.0,8.2
6291,13.5,1.5,16.3
6294,10.7,4.2,13.5
6295,11.1,2.6,14.0
6301,1.3,1.4,1.6
6305,2.8,3.4,4.1
6307,4.1,3.8,5.5
6311,5.1,4.8,5.4
6312,5.1,4.7,5.5
6321,5.5,1.2,6.8
6325,3.3,2.9,3.2
6333,5.1,4.8,5.4
6336,4.0,3.8,4.1
6341,4.0,3.5,4.0
6342,3.7,3.2,3.8
6343,4.8,4.2,4.9
6351,6.7,9.4,10.2
6353,6.1,6.9,9.2
6361,6.7,3.8,7.8
6363,6.3,3.4,6.9
6365,8.3,5.3,8.1
6367,4.0,4.4,4.3
6369,4.0,7.0,7.5
6371,2.6,3.5,3.4
6372,1.4,3.5,3.3
6373,3.3,4.8,4.7
6374,4.9,6.5,6.3
6411,1.3,0.8,0.8
6412,2.1,1.2,2.0
6413,3.8,3.3,4.5
6414,4.8,3.8,4.7
6415,2.8,1.7,1.6
6416,2.3,1.9,1.7
6417,2.3,1.4,1.7
6418,1.8,3.2,3.4
6419,2.7,2.2,2.1
6421,5.2,3.3,5.9
6422,2.6,5.7,6.1
6431,5.0,2.0,6.6
6432,5.5,1.1,7.0
6433,3.8,1.3,5.3
6436,6.8,3.3,8.1
6438,8.0,4.6,7.2
6439,7.1,5.7,5.6
6441,8.4,6.2,8.2
6442,9.0,7.0,8.4
6443,7.6,5.8,7.2
6444,7.2,4.9,7.5
6445,6.5,5.1,6.1
6446,5.9,3.4,7.3
6447,8.6,5.6,8.0
6451,11.3,8.7,10.8
6454,9.9,8.4,8.3
6456,9.5,7.2,7.9
6461,1.9,1.2,0.9
6462,3.1,1.7,2.0
6463,2.0,2.0,1.3
6464,2.9,3.1,2.3
6465,2.6,3.3,4.0
6466,1.8,2.9,2.8
6467,1.9,3.4,3.0
6468,1.7,2.6,2.0
6469,2.5,4.6,3.9
6471,3.4,4.7,3.9
6511,2.4,0.5,0.4
6512,2.9,0.7,0.6
6515,2.0,4.9,4.9
6521,3.6,0.9,0.5
6522,3.6,1.2,0.9
6523,3.6,1.9,1.1
6524,3.5,1.1,0.6
6525,4.8,1.5,1.6
6531,3.8,1.5,1.1
6532,4.2,2.5,2.1
6533,5.5,2.1,2.2
6534,6.3,3.8,3.8
6535,6.8,3.8,4.0
6536,6.3,5.4,5.5
6537,4.6,6.0,5.8
6538,4.7,5.6,5.3
6541,1.4,1.6,1.4
6542,2.3,1.6,1.5
6543,3.1,2.7,2.5
6544,4.4,4.0,3.9
6545,4.9,5.9,5.5
6546,5.2,6.3,5.6
6551,2.8,4.2,3.4
6561,4.9,1.3,7.6
6562,6.7,2.7,8.0
6564,3.6,1.0,2.8
6566,13.6,14.5,15.4
6571,1.4,1.7,3.3
6572,1.0,1.8,3.5
6573,2.0,2.9,4.4
6574,2.9,2.6,2.3
6575,4.3,5.1,5.9
6576,5.4,5.8,6.0
6577,6.3,7.2,7.7
6578,8.2,9.1,10.2
6579,10.8,11.8,12.2
6581,9.1,1.3,6.0
6582,9.8,1.3,7.8
6584,9.2,3.1,5.5
6585,9.9,3.3,3.5
6586,11.0,4.4,4.5
6587,12.3,3.2,3.3
6591,11.8,1.3,8.9
6595,13.5,1.8,9.5
6596,12.3,3.7,6.4
6598,8.8,4.0,11.0
6599,16.3,4.4,11.9
6601,2.9,1.6,2.3
6602,2.5,1.0,1.4
6603,2.4,2.6,1.9
6604,2.3,2.3,2.9
6605,3.6,2.2,1.8
6606,6.8,4.8,5.8
6611,8.3,4.8,7.4
6612,6.0,2.9,4.4
6613,5.9,4.1,4.0
6615,5.3,2.6,4.9
6616,6.7,0.7,6.5
6617,9.1,3.1,9.0
6621,5.6,8.4,14.1
6624,10.3,11.8,11.9
6626,7.6,9.0,10.9
6627,8.3,7.6,8.7
6628,7.9,6.5,12.0
6629,10.5,7.5,10.7
6631,11.0,7.0,13.0
6634,11.1,4.3,10.8
6641,6.1,7.2,1.1
6642,6.5,7.0,2.2
6644,8.1,8.3,3.6
6645,10.7,7.3,6.0
6651,9.6,7.0,13.2
6652,9.8,7.3,13.2
6653,13.4,8.0,9.0
6654,11.8,7.6,11.0
6655,8.8,6.2,14.2
6657,5.7,3.0,13.3
6658,2.9,0.8,10.5
6659,1.2,3.6,11.1
6661,5.1,9.2,5.7
6662,4.3,9.2,6.4
6663,4.3,3.4,3.6
6665,7.0,4.8,6.9
6666,11.5,0.7,7.8
6668,9.8,3.7,4.7
6669,10.9,10.3,10.8
6671,11.7,6.4,7.5
6672,11.6,6.1,6.5
6673,9.5,8.5,10.8
6674,8.8,7.9,10.3
6675,6.4,7.4,9.9
6676,9.0,5.0,10.7
6677,3.8,9.2,8.6
6678,1.2,6.5,5.9
6681,5.4,7.4,1.2
6684,3.0,5.9,2.2
6685,7.6,6.8,2.9
6686,12.7,0.8,8.8
6687,8.2,4.9,6.7
6691,10.8,3.5,6.2
6701,5.7,0.5,0.5
6702,4.8,1.2,1.0
6703,6.9,1.5,1.5
6704,8.7,2.4,3.3
6705,9.3,2.0,3.9
6706,7.1,1.7,1.7
6707,6.1,1.1,0.9
6708,6.8,2.2,2.1
6709,5.0,1.7,1.4
6711,8.4,1.4,1.4
6712,7.9,0.7,0.7
6713,7.0,1.5,1.5
6714,7.4,1.9,1.9
6715,6.7,2.7,2.7
6716,6.6,4.4,4.5
6717,7.3,3.3,3.4
6718,6.5,3.0,3.2
6721,9.3,1.3,4.8
6731,14.9,0.9,9.9
6732,11.0,4.7,11.9
6733,11.6,5.3,8.5
6741,8.6,1.9,6.1
6744,3.9,4.2,5.1
6745,2.0,2.9,3.4
6811,2.9,0.4,0.4
6812,4.1,1.0,2.1
6813,2.7,1.3,2.2
6814,2.6,0.7,1.3
6815,1.0,0.7,2.7
6816,3.8,2.3,5.4
6821,2.7,1.3,0.9
6822,2.7,1.7,0.8
6823,3.5,1.4,2.5
6824,2.5,1.1,1.5
6825,2.2,2.0,3.7
6826,1.3,2.0,2.7
6827,2.0,1.7,1.3
6828,1.8,1.4,0.8
6831,1.6,4.1,1.7
6832,3.1,2.9,1.6
6833,3.8,3.0,2.4
6834,4.5,4.1,3.1
6835,2.3,4.4,2.2
6836,1.5,5.8,3.5
6841,3.6,2.7,1.4
6842,2.2,4.6,2.2
6843,3.1,5.6,3.2
6844,3.0,6.6,4.3
6845,1.8,6.1,3.7
6846,4.5,7.4,5.5
6851,5.5,7.1,5.8
6852,4.2,6.7,4.8
6861,5.4,1.0,5.1
6862,5.4,1.4,4.6
6865,9.0,2.3,8.3
6866,11.7,4.2,7.3
6869,8.1,2.9,7.2
6871,11.3,5.1,6.0
6874,8.7,4.2,9.2
6877,7.9,6.3,10.5
6881,3.9,0.7,1.8
6882,3.1,1.2,2.8
6883,4.0,1.6,2.9
6891,4.2,1.0,2.1
6901,12.3,0.8,0.8
6902,12.8,1.8,1.5
6903,11.4,2.2,1.8
6904,11.4,1.7,1.9
6905,13.3,2.0,2.4
6909,12.8,4.1,4.7
6911,14.7,3.9,7.2
6913,16.4,6.8,7.9
6914,16.0,6.6,7.3
6915,18.6,9.2,9.9
6916,19.5,10.2,10.9
6917,21.7,12.3,13.0
6921,7.6,5.7,5.9
6922,7.4,6.1,6.6
6923,9.5,4.4,4.8
6924,8.4,7.6,8.0
6931,3.9,5.4,5.5
6932,5.2,6.7,6.8
6941,11.5,6.2,5.8
6942,10.9,5.9,5.6
6951,8.9,6.1,13.0
6952,8.8,5.8,12.6
6953,7.3,4.5,11.8
6955,8.3,4.5,9.9
6956,9.1,6.4,13.1
6957,12.2,9.4,13.4
6961,12.2,11.8,12.5
6964,9.5,9.2,9.9
6971,7.6,7.3,7.9
6974,9.9,8.8,10.3
6975,6.7,6.4,7.0
6981,3.7,0.6,11.7
6982,3.8,1.5,11.4
6983,5.4,2.1,10.4
6984,1.3,3.4,11.9
6986,6.0,3.4,10.0
6987,10.3,7.0,8.9
6988,10.0,8.4,9.3
6991,8.1,4.7,5.1
6994,10.5,6.8,7.7
6996,2.8,3.8,9.9
6997,4.6,5.3,7.5
6998,6.4,6.2,6.4
6999,7.3,6.1,6.0
7001,6.4,0.6,0.7
7002,7.9,2.1,2.2
7003,6.7,1.3,1.8
7004,7.4,2.4,3.6
7005,5.8,0.8,1.6
7006,5.4,3.1,2.9
7007,3.8,3.2,3.0
7008,6.6,1.7,1.5
7009,7.7,1.5,1.4
7011,10.0,5.5,6.8
7021,12.6,2.0,7.2
7025,13.3,6.1,11.0
7031,6.4,7.2,7.2
7035,2.7,6.2,6.0
7036,5.5,7.9,8.6
7037,7.3,6.2,9.8
7038,3.8,3.8,8.0
7039,7.7,2.1,12.1
7041,6.8,1.1,11.0
7044,6.0,2.2,10.1
7045,7.1,5.2,8.0
7046,4.9,6.1,7.4
7047,1.3,5.4,5.9
7048,3.0,4.0,4.6
7051,13.0,9.2,11.5
7054,14.5,7.8,9.8
7055,11.1,9.0,13.9
7061,9.3,4.8,7.3
7064,11.7,2.9,5.2
7065,15.4,6.8,7.9
7071,11.7,1.3,3.4
7075,7.4,4.5,7.2
7076,10.7,2.6,4.1
7077,11.1,7.3,7.4
7078,16.7,7.1,5.7
7081,13.1,3.2,2.2
7083,16.0,4.5,2.8
7084,18.0,3.2,6.1
7091,20.3,0.8,8.4
7095,18.0,3.9,8.6
7101,12.1,1.0,1.3
7102,12.0,2.0,1.5
7103,11.6,1.7,1.3
7104,9.9,5.7,5.4
7105,14.5,5.1,5.0
7106,17.6,6.3,6.8
7107,17.2,5.4,6.2
7108,16.3,5.3,6.1
7109,12.6,5.6,6.0
7113,14.3,3.2,3.6
7115,15.1,3.3,4.2
7119,9.8,5.6,4.8
7121,11.5,1.4,11.6
7122,12.0,2.2,12.5
7123,12.5,1.7,12.7
7126,10.1,3.4,8.7
7131,4.3,5.2,12.1
7132,5.4,6.5,13.4
7134,5.1,5.3,8.6
7135,7.5,8.5,16.1
7136,6.4,6.6,15.2
7137,1.7,1.9,10.2
7141,4.2,1.2,8.3
7142,6.7,3.9,7.9
7151,11.8,1.0,0.8
7152,12.1,1.7,2.0
7156,7.1,4.9,7.9
7157,16.0,6.0,6.6
7161,16.8,5.5,5.7
7165,16.8,5.8,6.1
7201,1.5,0.4,1.1
7202,0.6,1.3,1.7
7203,2.3,1.9,1.1
7204,2.5,1.2,1.8
7205,1.9,1.6,2.3
7206,3.5,2.3,3.2
7207,5.2,3.9,4.5
7211,4.1,3.8,3.4
7213,6.6,0.9,7.0
7214,4.7,3.6,5.3
7215,7.4,3.1,7.6
7216,12.9,6.8,10.7
7217,10.8,7.1,9.8
7218,8.8,8.0,7.7
7221,5.4,9.2,12.6
7223,8.9,9.3,9.6
7224,4.1,7.6,14.9
7225,5.4,6.0,13.4
7226,6.9,10.1,11.0
7227,6.9,9.4,11.4
7231,4.0,2.8,3.1
7232,4.7,3.4,3.8
7233,7.8,6.5,7.1
7234,9.9,8.1,7.5
7241,17.0,6.7,1.3
7242,16.3,7.2,1.3
7244,17.6,6.0,4.9
7245,15.6,3.9,6.5
7251,11.7,3.8,5.1
7255,13.9,7.1,6.0
7256,11.6,6.3,8.0
7261,13.5,4.7,8.5
7263,9.4,6.9,12.9
7271,14.4,0.9,9.7
7273,13.0,4.5,5.2
7274,17.2,3.2,8.3
7275,20.7,6.6,8.3
7311,2.4,0.8,0.8
7312,1.6,2.2,2.3
7313,1.0,2.2,1.7
7314,1.6,1.4,0.9
7315,2.0,1.1,1.5
7316,1.4,1.5,1.6
7317,1.6,1.7,2.0
7321,2.6,2.3,2.3
7322,1.7,2.6,2.6
7323,1.6,3.8,4.0
7324,1.7,4.6,4.9
7325,3.6,4.2,4.2
7326,5.7,5.2,5.2
7327,5.9,5.2,5.2
7328,4.3,3.6,3.6
7329,5.1,4.4,4.4
7331,3.9,2.7,2.7
7332,4.1,3.3,3.3
7333,4.7,3.7,3.8
7334,3.7,3.3,3.4
7335,3.0,2.5,2.6
7336,2.3,2.7,2.8
7339,4.2,4.6,4.7
7341,4.5,5.7,7.0
7345,4.1,2.8,4.7
7346,4.7,6.9,6.4
7348,11.0,11.6,12.0
7351,12.4,4.9,13.2
7352,13.2,5.6,14.5
7361,8.2,7.4,7.5
7364,8.9,8.0,8.1
7371,13.8,13.1,13.2
7381,10.5,9.8,9.8
7382,10.4,10.2,10.3
7383,7.1,6.9,7.5
7384,6.7,6.9,7.1
7391,5.5,5.6,5.8
7392,4.1,4.2,4.4
7395,6.1,7.4,7.4
7396,3.6,7.1,7.6
7397,4.5,7.8,11.5
7399,6.1,5.8,6.5
7411,0.8,0.5,0.5
7412,2.5,2.1,1.5
7413,1.6,1.5,1.0
7414,3.7,3.5,3.0
7415,2.5,2.5,2.0
7416,1.4,1.7,1.2
7417,1.4,1.9,1.8
7418,2.3,2.7,2.6
7419,2.0,2.1,2.3
7421,4.5,5.0,4.9
7422,3.6,4.1,3.9
7423,4.3,4.8,4.6
7424,4.7,5.3,4.8
7425,5.5,6.0,5.8
7426,6.1,6.6,6.4
7427,5.5,6.0,5.8
7428,7.9,7.0,8.3
7429,4.1,4.6,4.5
7431,5.0,5.0,4.5
7433,3.9,4.0,3.6
7434,9.2,9.2,9.1
7435,12.8,8.7,11.7
7437,9.5,9.0,9.8
7439,1.7,1.8,2.1
7441,2.9,1.5,1.2
7442,1.6,1.4,1.6
7443,3.3,2.3,2.4
7447,2.5,1.8,3.4
7448,6.2,5.5,6.3
7451,12.2,3.1,9.3
7461,7.4,1.4,1.1
7462,7.7,2.6,2.1
7463,6.5,3.4,2.8
7466,3.8,4.0,3.7
7467,3.6,3.8,3.5
7468,10.3,4.6,4.7
7471,15.6,1.2,1.3
7472,15.1,2.8,2.8
7475,16.5,6.3,6.4
7478,19.3,4.8,5.0
7481,12.4,2.1,10.1
7482,12.8,2.1,10.2
7483,12.7,1.6,10.9
7491,6.3,1.0,6.8
7495,9.1,4.2,6.6
7496,15.2,5.4,6.5
7497,10.6,5.4,9.3
7511,2.0,1.3,0.7
7512,1.2,2.0,1.3
7513,2.2,2.2,1.5
7514,2.7,0.7,0.8
7521,4.4,2.8,2.8
7522,4.2,2.3,2.8
7523,3.8,0.8,1.9
7524,5.6,2.8,3.8
7525,6.9,4.1,4.9
7531,3.5,1.6,2.0
7532,5.7,5.2,5.0
7533,2.7,2.2,1.9
7534,5.4,5.9,5.3
7535,1.7,2.7,2.0
7536,3.7,5.9,5.2
7541,0.7,2.6,1.8
7542,2.6,4.8,4.1
7543,2.2,3.4,2.7
7544,3.4,5.0,4.3
7545,3.2,3.4,2.9
7546,5.0,6.1,5.5
7547,3.6,4.8,4.6
7548,5.9,6.8,7.8
7551,1.7,0.6,0.9
7552,2.7,2.5,2.2
7553,0.8,1.0,1.2
7554,6.0,5.6,6.9
7555,1.9,1.7,2.2
7556,2.8,1.6,2.0
7557,3.0,1.8,1.9
7558,5.7,4.4,4.6
7559,5.9,4.4,5.0
7561,7.6,6.0,6.1
7562,9.4,4.7,4.9
7571,12.7,0.4,0.6
7572,12.4,0.9,1.1
7573,13.2,0.7,0.8
7574,11.5,2.0,2.4
7575,11.4,2.3,2.7
7576,11.9,2.5,2.7
7577,12.8,2.4,2.3
7581,11.6,8.8,9.1
7582,10.6,8.6,9.0
7585,8.8,7.5,7.8
7586,12.6,11.1,11.4
7587,16.4,5.3,5.1
7588,16.7,2.8,7.4
7591,15.1,1.3,9.5
7595,6.8,7.2,7.6
7596,10.9,5.0,4.9
7597,6.9,6.4,4.2
7601,4.7,1.4,1.3
7602,3.6,2.0,2.0
7603,5.3,2.9,2.8
7604,2.6,2.1,2.2
7605,3.3,1.3,1.6
7606,3.9,1.9,2.1
7607,4.1,0.9,0.9
7608,4.9,3.7,3.5
7609,4.2,3.6,3.8
7610,4.3,3.7,4.6
7611,3.1,4.5,4.5
7614,7.0,5.0,4.9
7615,6.3,5.8,5.7
7621,1.2,1.8,3.8
7622,1.9,0.9,3.1
7623,2.9,1.7,2.8
7625,4.2,4.3,3.6
7626,3.9,3.1,0.9
7627,7.0,5.9,5.8
7631,6.1,0.7,11.6
7634,9.8,4.2,12.7
7635,12.8,7.1,16.0
7636,5.7,2.6,10.3
7637,7.6,2.3,13.7
7638,5.7,2.8,13.9
7641,4.2,6.1,6.4
7642,4.0,5.8,5.8
7645,8.1,5.4,8.8
7651,1.3,8.4,11.2
7661,5.3,6.0,15.5
7662,8.2,5.5,16.8
7663,5.8,7.6,15.9
7664,6.3,10.2,15.2
7665,5.4,7.4,6.5
7666,2.2,7.9,9.4
7667,2.3,5.1,11.5
7668,2.8,4.9,13.6
7671,7.6,1.7,8.2
7672,7.9,1.2,8.8
7675,10.7,8.7,14.3
7676,9.3,5.5,13.3
7678,6.1,8.1,10.2
7679,9.0,9.7,14.9
7681,7.4,8.5,14.5
7683,7.8,9.7,12.5
7685,3.3,11.4,11.4
7686,5.3,10.0,13.3
7687,9.4,6.0,12.3
7688,9.7,8.1,10.4
7691,6.1,15.1,7.0
7692,2.7,12.0,9.0
7693,7.8,9.0,13.8
7694,10.7,11.6,11.2
7695,8.3,16.7,7.1
7696,5.2,16.1,4.1
7701,8.6,1.8,13.4
7702,9.7,2.3,14.8
7705,5.4,4.9,11.3
7707,10.5,6.1,16.2
7711,13.8,2.3,10.2
7715,13.1,5.4,12.1
7721,11.2,8.6,1.4
7722,10.1,7.8,4.7
7731,1.5,1.7,13.7
7732,2.0,2.7,13.7
7734,6.3,5.5,8.1
7735,3.6,3.9,12.8
7736,1.2,9.5,11.2
7737,6.6,6.7,9.8
7738,6.4,6.4,12.8
7739,9.6,5.3,13.8
7741,2.2,1.7,14.7
7742,2.8,1.8,15.8
7751,3.4,5.3,11.5
7753,6.3,7.3,16.3
7754,6.5,8.5,11.2
7755,4.2,7.4,10.8
7756,4.6,5.8,13.9
7761,10.4,10.8,15.0
7764,8.3,10.0,11.1
7765,15.4,10.3,17.0
7766,18.0,14.1,20.7
7771,2.1,13.3,1.8
7772,4.6,13.4,1.8
7773,3.9,12.5,2.8
7775,2.5,9.2,7.0
7776,1.6,8.5,9.1
7777,3.9,10.6,11.4
7778,7.8,11.0,4.9
7779,4.3,5.5,10.1
7781,4.1,10.4,10.6
7782,5.9,8.4,11.6
7783,7.9,9.1,6.2
7784,6.3,9.5,6.3
7785,7.0,10.7,4.7
7786,9.2,10.4,7.0
7787,7.0,8.1,8.6
7788,6.2,7.5,8.5
7791,10.4,13.7,7.7
7792,7.5,15.5,5.1
7793,6.2,14.3,3.7
7794,2.0,13.3,4.9
7795,4.0,12.0,7.8
7796,3.8,10.7,3.7
7797,4.6,9.1,6.6
7798,4.2,11.0,4.1
7811,0.8,7.4,0.8
7812,2.3,8.9,2.8
7813,4.4,9.7,5.1
7814,4.1,9.7,4.1
7815,2.2,9.0,2.0
7821,2.5,5.6,2.7
7822,1.9,7.6,1.8
7823,4.4,7.1,4.2
7824,3.3,5.4,3.3
7825,3.9,5.2,4.7
7826,5.7,3.1,5.8
7827,3.4,7.3,4.9
7828,7.6,6.8,9.2
7831,7.7,7.9,6.4
7833,8.2,10.6,9.0
7841,5.0,10.4,1.1
7842,5.1,10.7,1.6
7843,2.7,12.7,3.7
7844,8.1,11.3,8.7
7845,6.7,9.9,7.5
7846,7.4,8.2,2.1
7847,7.0,8.9,5.8
7848,7.6,1.1,8.6
7849,8.1,1.7,10.8
7851,8.6,7.0,6.6
7852,6.0,6.5,8.9
7853,4.9,3.4,11.1
7854,8.7,8.5,7.3
7855,9.3,10.2,8.9
7856,9.3,10.0,4.1
7858,8.5,3.3,12.5
7859,7.7,3.4,12.5
7861,10.4,12.3,6.7
7863,10.9,12.8,9.1
7864,9.9,11.4,12.4
7871,6.2,9.7,6.4
7872,5.6,12.5,8.5
7873,4.2,9.7,8.7
7874,8.4,4.3,9.2
7875,0.8,9.2,12.5
7876,8.0,9.9,10.6
7877,6.3,6.1,7.5
7881,8.5,7.3,4.6
7884,12.9,1.8,10.2
7885,7.1,1.1,7.7
7887,7.7,6.8,9.2
7889,9.1,3.0,9.3
7891,9.8,4.0,10.7
7892,9.4,3.5,9.7
7894,13.5,5.7,14.3
7895,6.4,6.4,1.5
7901,1.1,9.3,0.6
7902,1.7,9.8,0.9
7903,3.5,11.7,2.5
7904,3.8,11.5,3.0
7905,3.3,10.3,2.3
7906,2.1,9.1,1.2
7907,1.2,8.5,0.8
7908,2.4,6.9,2.5
7909,1.9,7.9,2.3
7910,10.5,13.6,9.4
7911,8.0,15.2,7.0
7912,8.1,15.4,7.1
7913,7.1,11.8,6.5
7914,5.8,13.2,4.9
7915,6.6,7.4,6.0
7916,9.3,12.4,11.2
7917,12.0,13.5,11.2
7918,10.8,11.9,12.0
7921,8.1,1.6,8.1
7924,11.3,4.0,11.3
7925,8.1,4.9,11.3
7926,7.4,6.8,7.3
7927,6.0,5.7,5.3
7928,6.5,14.6,5.5
7929,10.3,11.4,13.8
7931,4.0,10.2,3.2
7932,6.6,7.1,6.7
7933,7.2,14.3,6.3
7934,5.1,13.4,3.9
7935,7.8,15.2,6.8
7936,7.4,14.2,6.2
7937,7.9,13.7,6.7
7938,10.8,11.3,11.8
7941,1.8,0.6,0.7
7942,2.6,1.3,1.7
7943,2.3,3.1,3.2
7944,3.5,2.1,1.9
7946,8.9,6.3,7.7
7948,6.8,5.1,5.6
7949,5.0,6.1,6.1
7951,7.1,1.5,6.4
7954,10.5,4.8,9.8
7955,9.0,7.1,10.1
7957,7.9,6.9,9.0
7958,9.9,10.4,10.8
7961,7.1,7.2,7.5
7963,11.9,13.4,11.2
7964,14.6,10.7,14.0
7965,5.0,6.0,6.1
7966,6.0,6.2,7.0
7971,10.2,9.1,9.5
7973,10.5,6.8,7.2
7974,11.3,5.3,5.6
7975,13.4,8.5,12.9
7981,13.5,0.7,18.6
7983,16.1,3.6,15.0
7984,14.7,2.0,19.7
7985,11.8,4.4,20.9
7986,16.8,3.6,16.1
7991,16.4,5.3,18.4
8011,1.6,6.6,0.7
8012,2.3,7.3,1.3
8013,3.1,8.1,2.3
8014,4.7,9.0,4.3
8015,6.5,10.0,6.3
8016,4.3,8.6,4.3
8017,2.4,6.7,2.7
8019,0.7,5.1,1.5
8021,2.2,7.4,0.6
8022,1.9,8.3,1.4
8023,1.9,8.2,1.5
8024,1.6,10.5,3.6
8025,2.5,9.1,2.3
8026,5.8,11.1,6.2
8028,6.8,9.2,8.1
8031,3.2,8.0,1.8
8032,3.6,9.3,2.6
8033,4.4,10.1,3.4
8034,2.3,11.0,3.9
8035,6.4,11.4,8.0
8041,2.0,5.1,2.3
8042,4.2,7.8,3.6
8043,5.2,9.3,4.1
8044,6.8,10.8,5.8
8045,8.0,11.3,6.9
8051,1.6,1.1,6.3
8052,2.8,1.6,5.2
8055,9.3,6.5,9.2
8061,11.8,7.2,11.9
8064,13.5,1.0,12.1
8066,13.5,5.5,12.2
8071,8.8,1.1,12.9
8072,7.6,2.3,14.7
8075,14.9,9.9,14.6
8076,14.9,6.6,18.0
8077,9.2,4.1,9.3
8079,9.9,7.7,7.7
8081,1.8,1.5,15.5
8082,2.4,2.5,16.0
8084,5.1,5.1,19.1
8085,3.5,4.1,17.5
8091,6.0,5.5,8.7
8094,4.7,3.9,6.7
8095,9.1,3.4,12.9
8096,5.5,1.5,15.5
8097,5.9,4.0,12.7
8101,10.2,7.0,2.6
8102,10.8,7.1,2.2
8103,11.8,6.8,2.8
8105,6.5,1.7,7.3
8106,9.1,5.3,3.2
8107,6.5,7.6,7.3
8111,12.6,11.3,6.9
8112,11.3,7.1,8.8
8121,6.5,8.2,10.7
8124,9.4,10.0,9.2
8131,2.0,3.6,11.6
8141,11.3,3.5,8.6
8144,9.2,4.1,10.6
8146,9.0,8.1,9.8
8147,6.0,5.3,11.1
8148,8.0,7.1,10.4
8151,10.4,7.1,9.4
8152,11.4,7.2,9.1
8153,9.5,5.2,7.9
8154,11.9,6.9,8.5
8161,11.7,2.5,15.8
8162,12.9,3.0,16.1
8166,10.8,3.3,12.4
8167,7.9,4.9,16.2
8171,7.8,1.3,9.0
8172,7.5,1.3,8.0
8181,8.6,1.2,16.5
8191,4.7,5.1,11.5
8193,2.8,1.7,14.9
8194,4.6,4.0,16.6
8196,4.1,8.6,12.1
8198,3.8,1.7,14.8
8211,2.9,6.6,4.8
8212,1.9,6.3,2.7
8218,12.0,5.7,10.9
8219,5.2,7.6,4.8
8221,7.4,6.5,7.6
8222,3.7,5.8,4.1
8223,1.3,4.4,2.6
8224,1.6,5.0,1.5
8225,3.3,6.0,1.4
8226,4.3,6.3,2.5
8231,2.6,3.2,1.9
8232,3.6,4.4,1.1
8233,4.0,5.5,1.3
8239,6.3,5.8,4.0
8241,5.4,3.5,5.1
8242,3.9,2.1,3.4
8243,4.8,3.4,2.7
8244,7.4,4.5,5.3
8245,5.5,6.0,2.8
8251,3.1,14.1,2.2
8252,2.2,15.3,2.1
8253,3.4,16.7,3.7
8254,1.6,14.2,0.7
8255,9.7,13.6,9.4
8256,9.3,11.4,10.9
8261,14.6,0.5,0.5
8262,15.3,1.2,1.1
8263,15.5,2.9,2.8
8264,15.2,2.1,2.0
8265,15.7,2.4,2.3
8266,14.7,2.5,2.4
8267,18.3,5.4,5.6
8271,14.1,2.3,2.4
8274,10.7,6.0,6.1
8275,6.9,7.9,5.9
8276,7.4,7.6,8.1
8277,16.2,3.6,3.8
8278,10.6,6.5,8.5
8281,15.7,4.4,12.9
8291,12.8,7.8,9.0
8293,10.1,7.5,7.5
8294,10.4,9.1,9.1
8301,9.0,8.6,1.0
8302,9.4,10.5,1.9
8303,10.7,9.3,1.8
8304,9.7,8.0,2.0
8305,7.7,11.5,4.4
8307,17.5,4.7,11.5
8308,18.0,1.8,10.2
8309,16.5,5.6,7.8
8311,15.8,9.5,8.9
8312,13.1,11.2,12.1
8313,12.7,5.5,13.6
8314,6.7,10.2,7.4
8315,2.5,10.8,9.9
8316,7.4,7.2,8.8
8317,13.7,6.8,14.5
8319,-99997.0,-99997.0,-99997.0
8321,21.5,1.3,12.7
8322,20.2,2.9,11.4
8325,13.4,0.9,15.8
8326,16.9,4.3,16.8
8331,13.7,0.9,1.4
8332,14.6,2.0,2.1
8333,11.7,2.8,3.1
8334,12.5,2.4,2.3
8335,10.5,4.0,3.9
8336,12.1,5.0,4.9
8337,10.3,6.1,6.0
8338,8.9,6.5,6.4
8339,9.8,5.9,5.8
8341,11.5,4.8,4.8
8342,11.4,6.9,6.9
8343,13.3,1.6,2.3
8344,11.1,3.3,3.8
8345,13.9,4.2,4.5
8346,14.6,4.0,4.1
8347,14.9,4.6,5.0
8351,16.8,5.2,10.0
8355,14.8,2.3,8.6
8356,12.7,0.7,14.6
8361,10.6,10.8,12.3
8362,13.5,4.0,13.3
8363,16.3,6.0,11.3
8371,16.8,6.5,9.0
8372,11.6,1.9,14.4
8373,6.8,6.7,14.8
8374,4.4,11.5,12.3
8375,9.1,9.3,11.4
8376,10.2,12.9,15.6
8377,15.9,10.5,12.5
8378,10.2,9.0,9.0
8381,16.1,0.7,10.9
8382,17.7,1.6,9.2
8383,16.8,2.8,7.4
8384,16.4,3.2,10.0
8385,16.5,3.5,12.9
8386,11.3,4.4,15.6
8387,13.3,6.1,17.2
8388,14.3,2.0,15.5
8389,13.1,2.7,15.2
8391,12.9,0.9,13.9
8392,12.1,5.0,18.0
8393,11.6,3.0,13.5
8394,8.5,4.5,15.2
8395,8.9,6.0,10.7
8396,7.1,6.0,10.1
8397,6.1,5.1,8.4
8398,8.0,7.0,9.8
8401,14.5,1.1,1.0
8403,11.7,4.2,4.5
8404,9.7,4.9,5.3
8405,9.5,6.3,6.6
8406,13.7,7.2,7.2
8407,14.1,3.1,2.9
8408,12.7,4.0,3.8
8409,10.9,7.5,7.2
8411,14.4,6.7,6.6
8412,14.4,10.1,10.0
8413,11.3,7.7,7.8
8414,9.0,9.4,9.6
8415,9.5,6.4,6.8
8421,13.1,6.5,11.7
8422,12.1,10.3,13.7
8423,9.6,13.1,16.3
8424,7.7,9.5,18.6
8425,4.3,13.6,21.2
8426,1.4,13.3,18.5
8427,3.8,12.3,18.2
8428,4.6,9.2,20.5
8431,6.6,10.2,20.6
8432,12.0,6.3,17.1
8433,13.5,5.9,13.0
8434,13.6,9.6,16.6
8435,11.8,12.0,15.4
8437,9.2,8.9,20.9
8438,8.2,8.2,19.7
8439,8.5,5.2,21.7
8441,4.1,1.1,0.8
8442,2.7,0.6,1.1
8443,1.1,0.9,2.6
8444,0.5,1.7,3.4
8445,1.9,2.1,3.6
8446,3.5,1.8,2.1
8447,4.6,2.5,2.3
8448,3.6,1.7,2.8
8449,8.0,5.1,5.2
8451,1.2,2.4,4.0
8452,1.7,3.4,4.9
8453,2.2,1.7,3.3
8454,4.7,5.6,7.3
8455,6.6,6.9,8.1
8456,6.7,3.9,4.1
8457,12.1,7.9,8.1
8458,9.1,6.1,6.4
8459,8.0,5.1,5.3
8461,4.3,3.5,4.9
8462,5.1,5.9,7.7
8463,7.7,3.5,8.7
8464,7.3,4.3,7.6
8465,6.9,4.7,4.4
8466,5.6,3.1,2.6
8467,9.0,7.5,8.4
8468,9.0,6.0,5.6
8469,7.6,4.7,4.2
8471,1.3,1.2,12.7
8472,2.3,0.9,12.3
8474,5.0,3.6,13.8
8475,8.4,7.0,14.8
8476,5.6,5.0,11.6
8477,4.3,4.6,8.3
8478,1.9,2.9,14.0
8479,3.7,4.6,15.7
8481,7.8,8.2,18.8
8482,9.0,11.5,17.2
8483,9.7,11.5,17.7
8484,11.2,12.3,18.0
8485,9.2,10.3,18.8
8486,5.7,6.9,14.9
8487,4.4,5.0,11.7
8488,3.7,3.6,9.7
8489,6.2,11.3,14.2
8491,15.5,7.1,12.3
8493,11.6,9.8,17.2
8494,16.4,7.0,13.1
8495,16.8,9.7,13.3
8497,20.1,12.9,15.1
8501,2.2,1.0,9.9
8502,3.6,1.9,10.2
8503,1.9,2.3,11.7
8505,4.6,2.8,11.7
8506,4.2,2.1,7.5
8507,8.1,3.4,10.3
8508,13.2,9.1,13.6
8511,8.3,6.5,14.9
8512,4.2,2.9,12.2
8513,5.2,0.3,9.5
8514,6.3,1.3,10.5
8515,7.4,2.5,11.5
8516,9.1,7.2,18.3
8517,2.8,3.5,11.9
8521,6.5,7.1,15.7
8522,11.5,3.4,16.9
8523,8.5,7.6,17.1
8524,10.4,9.6,15.6
8525,8.4,9.1,12.4
8526,8.0,8.8,11.3
8527,7.9,7.9,15.0
8528,9.6,10.3,13.4
8529,10.9,9.1,9.7
8531,14.8,1.1,16.6
8532,16.2,2.1,18.0
8534,13.8,2.6,18.4
8535,11.9,4.9,19.5
8536,15.0,5.9,18.0
8537,15.2,7.7,16.2
8538,12.7,7.2,18.6
8539,13.8,9.3,14.7
8541,6.5,4.7,12.8
8542,8.0,6.1,14.2
8551,13.1,10.8,11.9
8552,11.4,10.4,10.2
8553,14.6,11.8,13.4
8554,14.5,10.0,13.3
8556,13.8,0.4,19.7
8561,18.9,5.0,18.7
8563,16.4,2.5,20.9
8564,19.7,5.8,20.6
8565,18.5,4.6,22.6
8566,21.1,7.2,24.6
8567,23.8,9.9,25.4
8571,20.9,7.8,19.7
8572,26.4,12.4,25.0
8573,28.8,14.6,26.6
8574,29.3,13.7,25.2
8581,20.9,11.1,19.7
8582,23.7,11.5,22.5
8583,25.3,12.2,23.4
8584,28.8,12.4,23.9
8601,2.4,0.7,0.8
8602,3.0,1.4,1.4
8603,2.5,1.3,1.5
8604,2.9,2.2,2.6
8605,2.1,0.9,1.4
8606,1.2,0.9,1.3
8607,2.6,2.1,1.9
8608,3.0,1.8,1.7
8611,16.8,15.1,15.3
8612,16.2,13.8,14.2
8613,16.2,13.9,14.3
8614,13.8,11.6,11.9
8615,13.1,7.4,11.2
8616,11.9,8.5,9.9
8617,10.0,7.8,8.1
8618,7.1,4.8,5.1
8621,11.1,10.0,9.9
8622,7.8,6.8,6.6
8623,5.7,4.6,4.5
8624,4.3,5.3,5.8
8625,2.9,3.9,4.4
8626,3.3,3.7,4.1
8627,6.4,6.6,7.0
8628,5.4,4.5,5.0
8629,5.2,4.0,4.5
8631,4.9,3.8,4.0
8632,7.0,5.2,5.2
8633,4.1,2.4,2.3
8635,9.2,8.1,8.6
8636,13.5,7.4,12.8
8637,12.0,8.9,11.3
8641,9.7,5.9,9.0
8642,7.9,6.7,7.2
8644,9.1,7.9,8.4
8647,7.4,6.8,7.3
8651,5.8,4.0,4.1
8658,14.6,8.8,12.7
8701,12.3,0.8,10.3
8702,12.4,1.5,10.6
8711,23.8,0.9,10.7
8713,29.5,0.5,16.1
8715,36.7,10.8,26.1
8721,33.0,8.8,24.2
8722,34.2,6.2,21.1
8723,30.8,7.2,18.2
8724,27.3,5.8,15.7
8731,12.3,0.7,11.6
8732,11.1,2.6,10.5
8733,11.7,3.5,11.1
8734,12.9,3.0,11.2
8735,10.8,4.9,10.1
8736,9.6,7.9,8.8
8737,10.3,5.3,8.4
8741,11.2,4.5,9.3
8742,14.2,4.6,12.7
8743,14.7,2.8,12.2
8744,16.3,4.4,8.5
8745,17.2,5.2,7.9
8746,17.8,6.8,5.8
8747,17.8,8.3,4.2
8748,14.1,7.0,7.4
8749,14.9,8.6,8.6
8751,15.7,6.4,7.5
8752,21.6,0.1,8.5
8753,19.4,5.4,3.9
8754,20.9,8.8,0.8
8755,20.3,8.3,2.3
8756,22.6,8.2,2.7
8757,24.7,6.0,5.1
8758,19.0,6.8,4.6
8759,16.7,4.7,5.9
8761,22.1,3.7,8.0
8762,19.2,7.5,10.9
8763,18.4,5.5,9.2
8764,16.8,6.3,10.3
8765,15.4,3.9,11.2
8766,-99997.0,-99997.0,-99997.0
8771,8.4,4.2,6.5
8772,6.0,4.2,4.2
8773,6.5,4.8,4.7
8774,11.2,6.6,9.3
8775,23.4,3.9,13.2
8801,1.9,0.9,1.0
8802,1.8,1.7,1.7
8804,5.7,5.0,5.1
8805,5.8,5.2,5.2
8806,9.0,7.0,8.3
8807,5.0,3.5,3.7
8808,3.0,2.8,2.8
8809,4.5,4.3,4.3
8811,5.9,6.5,6.5
8812,3.8,4.9,5.0
8813,2.2,3.2,3.2
8814,4.3,4.7,4.7
8816,5.9,7.0,7.0
8821,12.7,4.8,12.3
8822,11.1,7.9,10.3
8823,9.4,5.8,8.8
8831,9.2,6.9,8.6
8832,10.1,8.9,10.8
8833,10.8,9.4,11.6
8834,11.7,9.0,11.1
8835,11.6,8.4,11.0
8841,8.6,8.0,8.0
8842,6.6,6.0,6.0
8843,9.3,4.7,8.7
8844,12.7,5.1,12.0
8845,11.1,3.7,10.5
8851,4.8,6.6,6.6
8852,6.6,8.8,8.8
8853,3.7,5.4,5.4
8854,2.4,7.4,7.4
8855,0.9,7.1,7.1
8856,2.0,6.9,8.4
8857,4.5,5.5,7.7
8861,8.5,0.8,9.1
8862,9.4,2.3,9.3
8871,6.7,4.0,5.4
8872,6.4,3.0,7.1
8881,40.3,0.9,19.5
8882,43.2,4.0,22.4
8883,44.1,3.6,23.3
8884,44.5,3.1,23.7
8885,44.5,3.5,23.8
8891,45.5,2.2,24.8
8892,45.7,2.5,25.0
8893,46.4,1.2,25.6
8894,47.3,0.6,26.5
8895,48.5,1.1,27.7
8896,49.6,2.2,28.8
8897,52.2,4.8,31.4
8899,41.3,0.7,0.6
8911,1.4,0.4,0.8
8912,0.7,1.6,1.7
8913,1.1,0.9,1.0
8914,1.3,1.4,1.5
8915,2.4,2.2,2.3
8916,1.7,1.1,1.2
8917,1.9,1.0,1.2
8918,2.9,1.9,2.3
8919,3.4,2.4,2.8
8921,2.4,1.3,1.8
8922,2.6,1.2,1.9
8923,3.6,2.2,2.9
8924,3.4,2.2,2.7
8925,4.9,3.9,4.4
8926,5.2,4.0,4.6
8927,4.4,3.5,4.2
8931,2.0,2.2,2.6
8932,1.7,1.3,1.6
8933,2.0,1.3,1.6
8934,2.2,1.6,2.0
8935,3.5,3.0,3.3
8936,3.2,2.6,3.0
8937,2.8,2.1,2.4
8938,5.3,4.8,5.1
8939,5.8,5.3,5.6
8941,5.1,4.7,5.0
9001,14.8,0.9,14.8
9003,10.5,9.4,12.1
9004,11.5,10.8,12.1
9005,8.6,8.1,8.4
9006,10.2,7.0,10.0
9007,10.9,5.0,10.8
9008,11.6,6.8,11.4
9009,13.9,6.0,13.8
9011,11.8,3.8,12.6
9012,12.2,6.9,12.0
9013,10.3,7.2,10.2
9014,8.8,8.2,8.8
9021,12.1,9.5,11.5
9022,12.7,11.8,13.7
9023,10.4,11.1,11.3
9024,9.1,9.7,10.0
9025,8.1,9.0,9.1
9026,6.8,7.7,7.8
9027,7.9,8.8,8.9
9031,5.5,6.4,6.5
9032,6.0,6.9,7.0
9033,4.8,5.7,5.8
9034,5.0,5.0,5.1
9035,7.3,7.9,7.9
9036,9.0,9.7,9.8
9037,6.3,7.4,7.4
9038,7.4,7.4,7.5
9041,10.6,11.1,11.1
9043,10.9,12.2,12.1
9044,9.4,9.4,9.5
9045,8.6,8.5,8.6
9047,8.4,10.2,10.2
9051,8.3,7.6,7.7
9053,10.7,10.0,10.0
9054,11.9,10.0,11.3
9055,7.3,6.6,6.7
9056,6.1,5.4,5.5
9057,5.0,4.3,4.4
9061,5.4,8.2,10.1
9062,6.3,7.0,11.6
9063,6.9,7.0,12.4
9064,7.8,5.2,13.1
9067,8.1,5.4,13.5
9071,12.8,12.1,12.2
9072,15.7,17.0,17.1
9073,16.2,7.6,15.6
9074,14.2,8.1,13.6
9075,10.0,13.2,13.2
9076,14.7,15.0,15.1
9077,12.8,12.1,12.2
9078,15.4,13.4,14.8
9079,11.5,13.4,13.4
9081,4.8,3.4,4.1
9082,7.8,6.7,7.1
9083,4.7,3.2,3.9
9084,4.2,3.7,4.1
9085,4.9,4.4,4.7
9086,5.6,5.1,5.4
9087,7.3,6.9,7.2
9088,7.5,7.0,7.3
9089,8.6,8.0,8.4
9091,11.1,5.7,10.5
9101,1.7,1.1,9.3
9102,2.4,1.2,8.5
9103,1.2,1.7,10.7
9104,4.7,4.7,14.0
9105,6.7,5.9,15.2
9106,4.5,3.9,12.6
9107,7.6,4.3,15.4
9108,3.3,3.3,16.1
9109,2.0,2.0,16.5
9111,10.2,0.4,16.0
9112,10.2,0.7,15.3
9113,4.5,5.3,13.5
9114,4.9,5.9,13.9
9121,3.4,2.3,8.0
9122,5.6,4.4,5.0
9123,7.4,6.7,4.1
9124,7.5,7.7,5.7
9125,4.0,4.1,9.0
9131,7.7,7.9,8.1
9132,10.8,10.4,11.0
9133,9.1,5.6,7.6
9134,9.7,4.1,4.4
9135,8.7,5.4,4.9
9136,9.8,1.0,3.6
9137,9.1,4.2,1.5
9138,7.1,5.8,3.4
9141,11.5,5.6,3.8
9142,10.2,0.5,3.1
9143,11.2,3.0,1.3
9144,7.5,6.3,6.1
9145,9.0,7.8,7.3
9146,6.7,5.6,7.2
9147,7.0,5.8,8.6
9148,5.2,4.3,10.2
9151,9.7,8.8,12.3
9152,8.1,7.1,12.3
9153,7.1,6.2,11.2
9154,6.0,5.0,11.6
9155,5.5,4.6,12.9
9156,4.1,3.2,11.5
9161,3.8,0.4,37.1
9162,0.5,3.7,33.5
9163,6.2,0.9,27.9
9164,8.0,0.4,29.5
9166,17.1,24.5,27.2
9171,12.6,7.6,15.6
9172,14.2,7.3,18.0
9173,12.4,5.9,18.6
9174,10.4,3.7,17.7
9175,9.2,4.7,16.6
9176,7.5,6.3,14.8
9177,11.1,1.9,17.5
9178,12.8,3.0,17.9
9201,6.0,1.5,1.1
9202,4.2,1.9,1.9
9203,5.3,1.1,0.8
9204,7.2,2.6,2.5
9205,8.3,4.2,4.1
9206,8.0,3.1,2.2
9207,7.1,2.7,2.1
9211,7.5,4.9,4.5
9212,9.5,5.5,5.3
9213,10.1,5.1,5.0
9214,11.2,6.2,6.0
9215,15.3,10.5,10.4
9216,10.6,4.4,8.6
9217,7.9,6.8,6.4
9218,8.9,5.0,4.2
9219,5.6,8.1,7.7
9221,9.0,4.4,5.7
9222,6.8,6.1,6.1
9223,9.3,5.3,7.6
9231,13.1,4.8,12.0
9233,10.4,4.1,8.6
9241,9.1,12.1,11.6
9243,10.8,12.6,13.9
9244,8.2,7.4,6.8
9245,13.0,9.7,9.6
9246,5.9,5.7,5.2
9247,3.6,6.9,6.7
9248,8.9,11.7,11.6
9249,6.7,9.0,8.9
9251,1.6,1.7,14.5
9254,4.5,5.2,11.6
9255,3.2,7.2,9.9
9256,3.4,7.9,10.4
9257,4.1,3.1,15.8
9258,8.7,6.2,15.0
9261,5.6,5.2,10.8
9262,3.4,5.2,11.8
9263,5.1,6.3,12.4
9264,9.6,3.2,13.3
9265,6.9,7.7,13.7
9269,2.5,2.5,16.2
9271,4.2,4.2,18.5
9281,12.1,1.9,11.2
9283,15.5,6.1,15.1
9284,14.7,5.5,15.4
9285,12.3,1.2,19.6
9286,9.7,4.4,16.9
9287,6.6,6.4,19.5
9288,11.1,5.2,14.7
9289,10.9,2.9,12.3
9291,12.3,4.4,17.3
9292,14.4,4.8,19.5
9293,15.7,9.5,16.2
9294,9.7,4.6,15.6
9295,7.0,6.7,13.3
9296,8.3,5.4,15.5
9297,8.2,3.1,17.6
9298,6.7,5.0,17.4
9299,5.9,5.9,20.0
9301,4.9,1.4,1.4
9302,5.2,2.6,2.6
9304,8.4,2.9,3.2
9305,7.4,2.7,2.8
9306,8.2,3.0,3.1
9307,8.8,4.8,4.9
9311,4.8,3.1,3.1
9312,1.6,1.0,4.1
9313,4.0,2.5,2.6
9314,6.0,3.3,3.2
9315,7.9,5.4,5.2
9321,9.0,5.1,5.3
9331,12.3,7.6,9.0
9333,10.5,5.3,5.4
9334,9.1,9.8,10.2
9335,9.4,6.5,10.7
9336,6.4,7.4,7.9
9337,12.5,5.7,10.7
9341,13.1,3.2,13.8
9342,12.3,5.5,8.6
9343,11.9,7.9,11.2
9351,2.4,1.6,6.1
9354,7.2,6.3,7.5
9355,3.7,3.6,8.4
9356,3.4,2.7,7.2
9359,7.3,6.9,11.5
9361,6.4,5.8,10.3
9362,7.0,6.5,11.0
9363,10.8,10.4,13.9
9364,8.0,7.5,11.9
9365,6.2,5.6,10.0
9366,8.4,7.5,9.9
9367,11.2,11.6,12.8
9401,0.7,0.7,0.8
9402,1.0,1.8,1.6
9403,3.4,3.8,4.0
9404,2.0,1.7,2.1
9405,1.4,3.3,3.1
9406,1.2,2.4,1.9
9407,2.1,3.6,3.7
9408,3.1,4.9,4.3
9409,4.5,4.5,4.8
9411,11.6,7.7,16.0
9412,12.3,7.7,14.8
9413,12.2,8.3,16.8
9414,7.4,3.0,9.2
9415,11.9,7.1,13.9
9416,9.9,10.3,16.9
9417,12.4,12.2,11.4
9418,12.4,9.4,12.0
9419,11.8,10.8,10.8
9421,4.7,7.2,7.0
9422,7.9,9.9,11.0
9423,8.1,8.8,17.0
9431,4.4,1.0,18.3
9432,3.7,2.9,17.6
9433,7.6,4.3,15.3
9434,4.6,1.8,17.0
9435,7.7,5.0,15.6
9436,9.0,7.2,14.2
9437,7.6,5.5,15.6
9438,6.6,4.3,14.7
9439,4.1,7.0,12.4
9441,1.5,4.6,14.2
9442,5.3,4.8,15.9
9443,8.6,7.0,15.8
9444,5.4,8.0,12.0
9445,4.3,7.1,11.0
9446,6.2,3.6,7.8
9447,4.7,7.4,12.8
9448,1.8,8.5,9.3
9449,1.3,8.7,9.1
9451,3.2,6.9,7.3
9452,4.1,6.3,6.7
9453,4.6,6.4,7.3
9454,6.1,4.7,6.4
9455,6.5,4.9,6.9
9456,5.3,5.2,5.5
9457,4.4,4.4,4.7
9458,5.2,5.3,5.7
9459,6.6,6.7,7.0
9461,6.2,9.8,14.8
9462,2.4,6.0,12.1
9463,9.7,10.7,14.6
9464,11.0,11.7,12.5
9465,6.8,10.1,10.5
9466,8.8,9.1,9.7
9467,7.8,8.0,12.6
9468,5.6,5.8,14.0
9469,4.3,4.6,13.4
9471,1.8,2.2,11.0
9472,2.9,3.2,12.1
9473,3.1,3.2,6.8
9474,6.0,6.2,6.9
9475,2.2,3.0,11.9
9479,3.5,4.4,12.4
9481,8.6,8.0,9.6
9482,6.2,6.5,12.0
9483,6.0,6.3,12.0
9484,8.1,8.4,9.6
9485,6.9,7.0,7.3
9486,4.3,4.9,5.1
9487,2.6,4.8,4.4
9488,5.0,7.0,6.5
9489,3.4,5.1,4.5
9491,5.5,7.3,7.3
9492,6.3,6.9,7.1
9493,9.4,4.0,12.4
9494,9.8,3.6,12.6
9495,11.7,4.6,8.0
9496,12.8,4.5,8.3
9497,11.3,5.5,10.5
9501,3.3,3.5,1.6
9502,2.3,3.2,2.1
9503,3.6,3.3,2.1
9511,10.7,10.6,10.2
9512,12.1,7.9,7.7
9514,6.5,8.6,8.0
9515,6.3,6.2,4.0
9521,4.2,3.3,4.6
9523,5.5,5.3,3.2
9524,7.6,7.4,10.1
9525,5.7,6.9,7.8
9526,4.0,4.3,10.0
9527,2.9,2.3,11.6
9528,5.7,4.1,12.4
9531,4.4,1.6,15.4
9533,1.0,3.2,12.3
9534,7.3,4.6,16.9
9535,9.4,6.6,15.9
9536,5.5,3.6,15.3
9537,6.9,5.5,15.6
9541,13.9,6.3,15.2
9545,19.0,11.6,20.6
9551,11.3,10.8,16.0
9561,2.2,1.9,6.4
9563,6.7,6.2,10.5
9564,8.0,7.2,10.3
9566,16.1,7.7,14.1
9571,5.9,10.4,12.9
9573,6.6,6.0,8.8
9574,4.4,10.5,13.3
9581,6.2,4.8,7.6
9584,7.0,7.1,9.5
9585,3.3,3.5,5.9
9591,9.3,1.4,9.9
9601,1.4,2.5,2.2
9602,2.9,2.6,1.2
9603,1.8,3.6,1.5
9605,6.8,7.0,4.8
9606,5.7,3.4,4.0
9607,4.2,0.9,3.8
9608,7.5,4.8,7.0
9609,8.9,6.8,7.0
9611,1.4,4.5,3.4
9613,5.1,6.9,6.9
9614,6.5,7.5,7.9
9615,4.3,3.1,4.2
9616,7.4,5.0,7.2
9617,9.0,7.0,9.2
9618,10.7,6.0,10.8
9619,5.0,3.7,5.9
9621,8.0,1.4,9.0
9622,6.0,7.7,7.7
9623,9.2,7.7,10.9
9624,11.5,6.9,13.3
9625,14.8,8.1,13.5
9626,10.1,2.3,11.1
9627,11.0,4.2,13.0
9628,8.9,6.6,14.0
9629,12.5,5.8,10.7
9631,7.4,4.4,4.4
9632,4.5,6.6,5.4
9633,5.2,6.5,5.5
9635,7.6,5.7,11.0
9636,6.9,7.2,7.3
9641,11.3,0.9,0.8
9642,11.5,2.1,2.2
9644,14.7,4.1,4.1
9645,11.0,1.3,1.2
9646,11.1,1.4,1.5
9648,12.5,3.8,3.8
9649,8.9,3.6,3.6
9651,12.8,5.9,5.9
9654,10.6,8.7,8.7
9655,7.0,7.2,8.8
9656,7.7,7.8,9.7
9657,8.7,8.9,10.8
9658,11.6,10.3,10.4
9659,13.3,7.9,8.0
9661,10.6,3.7,9.5
9663,13.4,8.2,8.2
9665,15.6,7.1,6.1
9671,11.6,2.5,0.7
9672,12.5,3.8,1.8
9673,12.5,3.4,1.7
9674,10.9,1.9,1.4
9675,10.7,2.0,1.2
9677,9.4,0.5,2.2
9678,10.2,2.1,4.1
9679,6.5,3.6,5.6
9681,6.7,5.8,6.6
9682,9.8,8.3,7.8
9684,12.8,9.0,8.1
9685,14.4,7.6,5.9
9686,14.0,6.7,6.4
9687,18.9,9.7,11.3
9688,19.7,12.4,14.4
9691,21.8,8.8,14.2
9693,22.7,8.1,14.6
9695,22.4,2.0,12.3
9696,19.7,0.9,10.2
9697,17.1,7.0,6.1
9698,15.0,6.2,10.2
9699,18.0,5.7,12.3
9711,2.1,0.4,0.4
9712,2.1,0.5,0.5
9713,2.6,1.4,1.2
9714,2.4,1.7,1.1
9715,2.7,2.0,1.2
9716,3.2,2.0,1.2
9717,2.3,1.2,1.1
9718,1.4,0.7,1.5
9721,3.4,2.6,2.3
9722,4.1,2.6,2.4
9723,3.9,2.9,2.3
9724,2.5,1.0,0.5
9725,2.1,1.0,1.1
9726,0.8,0.7,1.4
9727,1.7,2.0,1.7
9728,3.1,3.2,2.0
9731,1.8,3.3,2.9
9732,2.2,4.6,4.6
9733,2.4,5.3,5.1
9734,2.6,4.7,4.6
9735,0.9,4.1,3.6
9736,1.7,5.4,4.7
9737,1.4,4.8,4.1
9738,3.1,4.0,3.2
9741,3.5,2.1,1.6
9742,3.2,2.3,2.2
9743,3.2,3.0,3.2
9744,3.8,4.8,4.9
9745,4.2,4.3,4.6
9746,5.3,4.7,5.0
9747,5.1,4.4,4.2
9749,7.7,8.9,8.9
9751,7.3,5.8,5.7
9752,7.3,5.6,6.0
9753,8.7,7.3,7.0
9755,7.5,8.0,8.8
9756,6.5,5.5,9.7
9761,10.2,0.8,9.3
9765,8.9,1.5,7.9
9766,5.5,5.5,4.5
9771,9.8,9.3,10.3
9773,11.2,10.5,11.6
9774,7.8,7.2,8.3
9781,7.9,10.7,9.9
9784,5.0,7.4,6.6
9785,3.2,6.2,5.4
9791,10.0,11.8,11.7
9792,13.1,9.9,14.7
9793,15.0,7.9,13.2
9794,13.6,11.3,15.3
9795,11.5,10.7,13.2
9796,11.3,13.5,13.1
9797,8.2,10.0,9.9
9798,5.5,7.3,7.3
9801,11.9,5.4,12.8
9804,14.2,6.8,14.2
9805,11.0,6.2,13.5
9811,8.3,7.3,11.3
9812,8.3,7.3,11.4
9821,9.6,6.9,14.0
9822,9.6,7.5,14.1
9824,12.4,9.0,14.7
9825,9.6,7.6,13.5
9827,4.1,4.1,9.1
9828,6.3,6.3,9.1
9831,9.5,0.7,9.1
9832,8.8,4.6,9.0
9833,11.9,2.9,11.5
9841,16.9,9.3,17.2
9842,16.5,9.0,17.7
9843,15.6,7.2,20.0
9844,16.9,7.9,22.3
9845,19.3,4.8,23.9
9851,18.3,7.4,22.5
9852,15.6,7.4,19.5
9853,13.4,5.2,21.6
9861,12.9,3.7,16.9
9862,11.5,5.7,15.7
9863,14.1,5.0,17.4
9864,13.5,7.4,15.5
9865,12.1,7.8,12.0
9866,16.2,0.8,20.3
9871,17.6,4.4,20.1
9872,17.7,4.6,19.5
9873,16.9,5.0,20.1
9881,14.0,8.2,20.3
9882,14.1,8.5,20.5
9883,11.3,4.3,17.8
9884,14.0,7.5,18.9
9885,11.8,4.4,23.8
9886,8.7,1.7,17.3
9891,10.5,0.6,16.2
9892,12.5,2.7,14.0
9893,12.4,4.3,11.8
9901,17.7,0.8,5.6
9902,16.9,1.4,5.2
9903,17.6,1.1,6.4
9904,21.6,5.7,8.4
9905,19.3,5.1,5.9
9906,22.6,8.4,9.1
9907,22.6,8.5,9.2
9908,24.2,9.9,10.7
9909,24.4,10.2,11.0
9911,21.6,4.7,9.6
9912,22.5,7.1,11.9
9913,20.5,7.2,12.2
9914,21.3,9.1,14.2
9915,24.1,9.8,14.3
9917,18.1,5.4,10.5
9918,16.4,6.6,11.9
9919,18.4,9.0,14.0
9921,15.4,12.4,16.8
9922,17.7,9.8,17.8
9923,19.7,6.2,18.6
9924,19.1,5.7,19.1
9925,19.7,6.0,19.7
9931,15.9,2.5,2.6
9932,15.5,3.2,3.4
9933,15.6,1.5,2.2
9934,14.3,1.6,1.1
9936,13.0,2.2,1.4
9937,10.6,7.6,7.0
9939,11.5,7.8,10.2
9942,1.0,9.9,12.1
9943,2.1,8.8,10.9
9944,3.8,11.8,12.0
9945,6.2,10.1,9.5
9946,9.9,12.3,11.7
9947,13.0,12.5,11.8
9948,13.6,11.7,11.0
9949,12.6,10.5,9.9
9951,11.6,8.7,14.9
9953,10.2,5.5,18.8
9954,12.2,6.5,18.3
9955,10.6,4.5,19.4
9956,11.7,4.0,22.6
9957,9.2,6.2,22.1
9959,11.6,7.8,13.6
9961,6.8,5.9,19.8
9962,7.7,5.4,19.6
9963,5.2,4.2,20.5
9964,2.8,2.0,22.9
9965,1.1,1.4,25.0
9966,4.9,4.9,23.5
9967,6.0,5.2,20.5
9968,8.6,7.5,25.3
9969,11.7,6.3,24.1
9971,4.0,4.1,25.2
9972,6.0,2.4,25.6
9973,6.9,3.2,24.7
9974,8.1,0.5,24.1
9975,6.9,4.0,22.8
9976,0.7,10.8,13.6
9977,5.3,4.9,27.6
9978,5.3,5.2,28.4
9979,30.9,15.3,17.6
9981,22.9,1.4,23.5
9982,26.1,3.8,19.4
9983,26.5,7.0,16.1
9984,29.3,10.8,16.7
9985,23.9,6.0,17.1
9986,22.6,4.8,19.7
9987,24.0,6.9,16.3
9988,18.6,4.3,24.4
9989,14.6,0.8,21.1
9991,15.6,9.8,17.4
9992,16.0,9.3,17.4
9993,14.5,11.7,16.0
9994,16.9,9.0,18.9
9995,17.6,7.4,19.7
9996,20.5,4.3,21.0
9997,21.9,3.0,22.4
9998,19.1,6.6,21.2
9999,15.7,9.0,17.7
