nhood,Coding,Population,Married,Divorced,Widowed,Persons_with_a_migration_background,Non_Western,Morocco,Netherlands_Antilles_and_Aruba,Suriname,Turkey,Othernon-Western,Householdincome,Crime,"Vandalism,crimeagainstpublicorder",Violentandsexualcrimes,PostalCode
Amsterdam,GM0363,548448.00,207278.00,74439.00,23882.00,155023.00,301301.00,76156.00,12228.00,64991.00,43525.00,104401.00,29.80,5.00,5.00,9.00,.
Burgwallen-OudeZijde,WK036300,3300.00,670.00,280.00,60.00,1360.00,670.00,35.00,40.00,80.00,35.00,470.00,27.80,3.00,25.00,54.00,.
KopZeedijk,BU03630000,800.00,155.00,70.00,15.00,330.00,165.00,0.00,10.00,30.00,10.00,120.00,28.90,1.00,21.00,44.00,1012.00
OldChurchetc,BU03630001,545.00,80.00,50.00,10.00,230.00,105.00,5.00,5.00,10.00,10.00,70.00,26.40,4.00,42.00,100.00,1012.00
BurgwallenEast,BU03630002,1210.00,255.00,110.00,20.00,515.00,265.00,20.00,20.00,30.00,10.00,190.00,26.20,3.00,21.00,53.00,1012.00
Neseo,BU03630003,285.00,55.00,15.00,5.00,125.00,35.00,0.00,0.00,5.00,5.00,20.00,34.20,0.00,31.00,53.00,1012.00
BGsiteandsurroundingarea,BU03630004,465.00,120.00,40.00,10.00,160.00,100.00,10.00,5.00,15.00,5.00,65.00,27.60,6.00,21.00,25.00,1012.00
Burgwallen-NieuweZijde,WK036301,3075.00,580.00,245.00,30.00,1375.00,645.00,30.00,30.00,70.00,35.00,475.00,30.00,6.00,33.00,96.00,.
Stationsquareandsurroundingareas,BU03630100,0.00,0.00,0.00,0.00,5.00,5.00,0.00,0.00,0.00,0.00,0.00,.,.,.,.,1012.00
Heavenly,BU03630101,440.00,60.00,40.00,5.00,185.00,80.00,5.00,10.00,15.00,5.00,50.00,33.90,7.00,37.00,93.00,1012.00
NieuwendijkNorth,BU03630102,370.00,55.00,30.00,5.00,170.00,100.00,5.00,5.00,10.00,5.00,75.00,26.90,11.00,47.00,96.00,1012.00
SpuistraatNoord,BU03630103,615.00,140.00,40.00,5.00,285.00,120.00,5.00,5.00,15.00,5.00,90.00,28.90,5.00,20.00,29.00,1012.00
NewChurchetc,BU03630104,630.00,130.00,40.00,5.00,285.00,135.00,5.00,5.00,15.00,10.00,100.00,31.50,10.00,21.00,71.00,1012.00
SpuistraatZuid,BU03630105,500.00,105.00,35.00,10.00,220.00,95.00,5.00,5.00,5.00,10.00,75.00,29.30,2.00,18.00,43.00,1012.00
Beguinagearea,BU03630106,320.00,50.00,50.00,5.00,125.00,75.00,5.00,5.00,5.00,0.00,55.00,25.70,5.00,19.00,45.00,1012.00
CalfTriangle,BU03630107,205.00,40.00,10.00,0.00,100.00,35.00,0.00,0.00,5.00,5.00,30.00,35.90,4.00,24.00,52.00,1012.00
CanalBelt-West,WK036302,4105.00,1725.00,405.00,150.00,2055.00,640.00,10.00,50.00,60.00,60.00,455.00,54.60,4.00,7.00,6.00,.
Langestraatandsurroundingareas,BU03630200,1120.00,560.00,130.00,55.00,545.00,160.00,5.00,10.00,20.00,10.00,115.00,47.10,4.00,5.00,4.00,1015.00
Leliegrachtandsurroundingareas,BU03630201,1195.00,435.00,100.00,20.00,610.00,190.00,5.00,15.00,15.00,20.00,140.00,56.20,3.00,10.00,6.00,1015.00
FelixMeritisbuurt,BU03630202,1355.00,550.00,135.00,50.00,700.00,210.00,5.00,15.00,20.00,25.00,145.00,56.50,3.00,9.00,8.00,1016.00
LeidsegrachtNoord,BU03630203,430.00,180.00,45.00,20.00,200.00,85.00,0.00,10.00,5.00,10.00,60.00,64.50,7.00,1.00,3.00,1016.00
CanalBelt-South,WK036303,3510.00,1375.00,350.00,125.00,1695.00,640.00,25.00,40.00,50.00,55.00,470.00,55.90,5.00,14.00,52.00,.
Spiegelbuurt,BU03630300,530.00,220.00,55.00,10.00,285.00,120.00,0.00,5.00,5.00,15.00,85.00,50.20,4.00,11.00,19.00,1017.00
GoldenBend,BU03630301,85.00,35.00,5.00,5.00,35.00,15.00,0.00,5.00,0.00,0.00,10.00,.,38.00,31.00,285.00,1017.00
VanLoonbuurt,BU03630302,855.00,420.00,110.00,45.00,400.00,125.00,5.00,10.00,10.00,5.00,90.00,71.80,6.00,12.00,24.00,1017.00
Amstelveldbuurt,BU03630303,945.00,435.00,95.00,35.00,405.00,150.00,5.00,5.00,15.00,20.00,100.00,56.20,3.00,5.00,8.00,1017.00
Rembrandtpleinneighborhood,BU03630304,360.00,70.00,35.00,5.00,180.00,90.00,5.00,0.00,5.00,5.00,75.00,39.30,2.00,32.00,175.00,1017.00
Reguliersbuurt,BU03630305,300.00,50.00,10.00,5.00,150.00,75.00,0.00,5.00,10.00,5.00,60.00,28.10,6.00,42.00,194.00,1017.00
LeidsegrachtSouth,BU03630306,435.00,145.00,35.00,20.00,235.00,70.00,5.00,5.00,10.00,0.00,50.00,55.40,3.00,14.00,41.00,1017.00
Nieuwmarkt/Lastage,WK036304,6450.00,2185.00,890.00,240.00,2670.00,1455.00,85.00,75.00,260.00,100.00,940.00,34.10,5.00,8.00,14.00,.
Oosterdokseiland,BU03630400,295.00,140.00,45.00,5.00,130.00,115.00,15.00,5.00,30.00,5.00,60.00,52.00,2.00,27.00,38.00,1011.00
Scheepvaarthuisbuurt,BU03630401,525.00,170.00,45.00,15.00,210.00,50.00,0.00,0.00,10.00,5.00,35.00,34.10,11.00,7.00,5.00,1011.00
Rapenburg,BU03630402,795.00,220.00,50.00,15.00,385.00,205.00,10.00,10.00,25.00,20.00,140.00,30.60,8.00,7.00,7.00,1011.00
Lastage,BU03630403,770.00,215.00,75.00,15.00,275.00,115.00,10.00,10.00,10.00,5.00,80.00,33.40,5.00,8.00,9.00,1011.00
Nieuwmarkt,BU03630404,1040.00,320.00,215.00,55.00,400.00,225.00,5.00,15.00,65.00,5.00,135.00,27.30,3.00,6.00,14.00,1011.00
Uilenburg,BU03630405,750.00,290.00,110.00,25.00,305.00,235.00,15.00,5.00,30.00,15.00,165.00,49.30,4.00,8.00,15.00,1011.00
Valkenburg,BU03630406,705.00,295.00,130.00,45.00,335.00,170.00,10.00,10.00,35.00,10.00,110.00,32.10,6.00,3.00,8.00,1011.00
Zuiderkerkbuurt,BU03630407,990.00,340.00,145.00,40.00,390.00,200.00,10.00,10.00,30.00,20.00,130.00,30.40,5.00,7.00,11.00,1011.00
Waterloopleinbuurt,BU03630408,595.00,195.00,75.00,20.00,235.00,145.00,10.00,10.00,25.00,5.00,90.00,30.90,0.00,12.00,33.00,1011.00
Haarlemmerbuurt,WK036305,5935.00,2260.00,870.00,245.00,2230.00,1615.00,205.00,80.00,380.00,80.00,865.00,34.70,2.00,5.00,7.00,.
Westerdokseiland,BU03630500,1085.00,600.00,170.00,55.00,410.00,455.00,50.00,20.00,150.00,25.00,215.00,43.30,1.00,4.00,5.00,1013.00
HaarlemmerbuurtEast,BU03630501,990.00,300.00,130.00,40.00,365.00,185.00,20.00,5.00,40.00,5.00,115.00,37.70,3.00,10.00,10.00,1013.00
HaarlemmerbuurtWest,BU03630502,1595.00,575.00,235.00,90.00,605.00,455.00,80.00,30.00,95.00,25.00,225.00,32.00,2.00,4.00,13.00,1013.00
WesternIslands,BU03630503,1870.00,740.00,280.00,60.00,705.00,430.00,50.00,15.00,70.00,20.00,275.00,32.70,3.00,3.00,1.00,1013.00
PlanciusbuurtNoord,BU03630505,295.00,30.00,25.00,10.00,115.00,60.00,5.00,5.00,10.00,5.00,25.00,25.20,8.00,6.00,3.00,1013.00
PlanciusbuurtZuid,BU03630506,100.00,25.00,25.00,5.00,30.00,30.00,5.00,5.00,10.00,0.00,10.00,20.80,0.00,7.00,7.00,1013.00
Jordan,WK036306,13325.00,3880.00,1760.00,475.00,4965.00,2640.00,315.00,170.00,455.00,190.00,1505.00,32.00,4.00,4.00,9.00,.
Triangleneighborhood,BU03630600,1890.00,540.00,235.00,50.00,695.00,330.00,30.00,20.00,50.00,20.00,210.00,30.40,3.00,3.00,6.00,1015.00
Bloemgrachtarea,BU03630602,2000.00,660.00,260.00,60.00,800.00,370.00,40.00,30.00,45.00,40.00,220.00,37.80,6.00,2.00,5.00,1016.00
MarnixbuurtNoord,BU03630603,985.00,320.00,145.00,50.00,310.00,300.00,45.00,10.00,75.00,25.00,140.00,26.90,4.00,1.00,10.00,1015.00
Zaagpoortbuurt,BU03630604,735.00,95.00,70.00,5.00,250.00,200.00,30.00,15.00,50.00,15.00,95.00,23.50,9.00,3.00,8.00,1015.00
MarnixbuurtMidden,BU03630605,160.00,30.00,15.00,0.00,45.00,40.00,0.00,0.00,5.00,5.00,25.00,29.30,5.00,10.00,5.00,1016.00
Elandsgrachtneighborhood,BU03630606,2920.00,880.00,430.00,100.00,1155.00,600.00,80.00,40.00,105.00,50.00,325.00,31.50,4.00,3.00,8.00,1016.00
Passeerdersgrachtbuurt,BU03630607,600.00,165.00,65.00,25.00,235.00,105.00,10.00,15.00,15.00,10.00,55.00,38.00,0.00,7.00,2.00,1016.00
Groenmarktkadebuurt,BU03630608,165.00,20.00,10.00,5.00,60.00,35.00,0.00,0.00,0.00,5.00,20.00,38.30,30.00,25.00,70.00,1016.00
MarnixbuurtSouth,BU03630609,405.00,115.00,80.00,55.00,180.00,100.00,15.00,5.00,15.00,5.00,55.00,31.80,8.00,27.00,49.00,1016.00
AnjeliersbuurtNoord,BU03630610,1415.00,465.00,175.00,60.00,510.00,205.00,30.00,10.00,20.00,10.00,135.00,35.80,4.00,3.00,9.00,1015.00
AnjeliersbuurtZuid,BU03630611,2060.00,590.00,270.00,60.00,730.00,365.00,40.00,25.00,75.00,10.00,220.00,29.60,4.00,2.00,5.00,1015.00
TheWeteringschans,WK036307,5030.00,1610.00,455.00,140.00,2065.00,900.00,50.00,65.00,100.00,70.00,610.00,41.20,4.00,11.00,42.00,.
LeidsebuurtNorthwest,BU03630700,190.00,40.00,15.00,0.00,85.00,40.00,0.00,5.00,0.00,0.00,40.00,32.60,4.00,56.00,376.00,1017.00
LeidsebuurtSouthwest,BU03630701,110.00,30.00,10.00,5.00,65.00,30.00,5.00,0.00,0.00,5.00,20.00,32.30,19.00,26.00,123.00,1017.00
LeidsebuurtNoordoost,BU03630702,780.00,115.00,55.00,15.00,305.00,155.00,5.00,10.00,15.00,15.00,120.00,34.20,2.00,21.00,130.00,1017.00
LeidsebuurtZuidoost,BU03630703,220.00,65.00,20.00,10.00,80.00,55.00,5.00,5.00,15.00,0.00,35.00,31.80,3.00,23.00,74.00,1017.00
Weteringbuurt,BU03630704,1740.00,515.00,125.00,30.00,710.00,270.00,25.00,15.00,20.00,25.00,180.00,42.20,4.00,5.00,5.00,1017.00
DenTexbuurt,BU03630705,685.00,315.00,60.00,20.00,280.00,110.00,5.00,10.00,15.00,10.00,75.00,41.70,3.00,5.00,9.00,1017.00
UtrechtsebuurtZuid,BU03630706,730.00,285.00,105.00,35.00,315.00,120.00,5.00,10.00,15.00,10.00,70.00,46.40,7.00,5.00,8.00,1017.00
Frederikspleinneighborhood,BU03630707,565.00,240.00,65.00,20.00,230.00,110.00,5.00,10.00,15.00,5.00,75.00,47.70,6.00,10.00,10.00,1017.00
Weesperbuurt/Plantage,WK036308,5445.00,1575.00,655.00,185.00,2075.00,1270.00,140.00,60.00,250.00,75.00,755.00,35.70,6.00,4.00,7.00,.
Weesperbuurt,BU03630800,2210.00,650.00,335.00,95.00,850.00,545.00,60.00,15.00,115.00,30.00,325.00,33.00,4.00,3.00,5.00,1018.00
Sarphatistrip,BU03630801,1635.00,395.00,170.00,30.00,580.00,445.00,60.00,25.00,100.00,30.00,225.00,36.30,6.00,3.00,10.00,1018.00
Plantation,BU03630803,1305.00,465.00,130.00,55.00,535.00,245.00,15.00,15.00,25.00,10.00,175.00,40.60,7.00,6.00,9.00,1018.00
Alexanderpleinandsurroundingareas,BU03630804,295.00,65.00,25.00,10.00,105.00,35.00,0.00,5.00,0.00,0.00,25.00,33.60,18.00,5.00,10.00,1018.00
EasternIslands/Kadijken,WK036309,8780.00,2920.00,1235.00,280.00,2665.00,3180.00,600.00,125.00,825.00,210.00,1420.00,28.70,4.00,3.00,6.00,.
MarineEstablishment,BU03630900,60.00,20.00,10.00,0.00,10.00,15.00,0.00,0.00,0.00,0.00,15.00,.,13.00,0.00,13.00,1019.00
Kattenburg,BU03630901,1050.00,430.00,165.00,55.00,330.00,370.00,65.00,15.00,115.00,25.00,150.00,22.20,2.00,5.00,6.00,1018.00
Wittenburg,BU03630902,1465.00,440.00,250.00,40.00,405.00,650.00,95.00,30.00,215.00,45.00,270.00,27.50,5.00,1.00,10.00,1018.00
Oostenburg,BU03630903,1135.00,390.00,175.00,30.00,305.00,600.00,125.00,20.00,170.00,55.00,230.00,29.70,5.00,2.00,2.00,1018.00
CzarPeterbuurt,BU03630904,1685.00,380.00,210.00,45.00,455.00,655.00,155.00,20.00,160.00,25.00,300.00,26.10,3.00,2.00,6.00,1018.00
TheFunen,BU03630905,900.00,380.00,85.00,20.00,335.00,310.00,75.00,10.00,45.00,20.00,160.00,36.00,2.00,4.00,4.00,1018.00
Barracksneighborhood,BU03630907,660.00,170.00,95.00,20.00,180.00,180.00,35.00,10.00,40.00,15.00,75.00,28.10,17.00,5.00,11.00,1018.00
Kadijken,BU03630908,1830.00,715.00,245.00,55.00,640.00,395.00,50.00,25.00,75.00,20.00,225.00,32.60,1.00,5.00,3.00,1018.00
WesternHarborArea,WK036310,145.00,30.00,25.00,5.00,70.00,35.00,5.00,0.00,5.00,5.00,20.00,19.60,5.00,77.00,195.00,.
Coenhaven/Mercuriushaven,BU03631000,15.00,5.00,5.00,0.00,5.00,5.00,0.00,0.00,0.00,0.00,0.00,.,.,.,.,1013.00
Alphatriangle,BU03631001,10.00,0.00,0.00,0.00,5.00,5.00,0.00,0.00,0.00,0.00,5.00,.,.,.,.,1014.00
Petroleumharbour,BU03631002,0.00,5.00,0.00,0.00,0.00,0.00,0.00,0.00,0.00,0.00,0.00,.,,,,1041.00
WesthavenNorth,BU03631003,5.00,10.00,0.00,5.00,0.00,5.00,0.00,0.00,5.00,5.00,0.00,.,.,.,.,1042.00
Transportationcenter,BU03631004,5.00,0.00,0.00,0.00,5.00,0.00,0.00,0.00,0.00,0.00,0.00,.,.,.,.,1042.00
Americahaven,BU03631005,90.00,5.00,15.00,0.00,50.00,10.00,0.00,0.00,0.00,0.00,10.00,.,0.00,29.00,67.00,1045.00
Afrikahaven,BU03631006,5.00,0.00,0.00,0.00,0.00,0.00,0.00,0.00,0.00,0.00,0.00,.,.,.,.,1047.00
WesthavenSouth,BU03631007,10.00,5.00,0.00,0.00,5.00,5.00,0.00,0.00,5.00,5.00,5.00,.,.,.,.,1043.00
Sloterdijkbusinesspark,WK036311,485.00,30.00,5.00,0.00,190.00,180.00,25.00,10.00,25.00,10.00,115.00,16.80,15.00,78.00,114.00,.
SloterdijkII,BU03631100,20.00,0.00,0.00,0.00,10.00,5.00,0.00,0.00,0.00,0.00,10.00,.,.,.,.,1043.00
SloterdijkIIIEast,BU03631102,0.00,0.00,5.00,0.00,0.00,5.00,0.00,0.00,0.00,0.00,0.00,.,,,,1043.00
SloterdijkIIIWest,BU03631103,60.00,10.00,0.00,0.00,20.00,35.00,10.00,0.00,15.00,0.00,10.00,.,0.00,267.00,120.00,1046.00
TheHeining,BU03631104,15.00,15.00,0.00,0.00,10.00,0.00,0.00,0.00,0.00,0.00,0.00,.,.,.,.,1047.00
Teleport,BU03631105,385.00,10.00,5.00,0.00,150.00,135.00,10.00,10.00,5.00,10.00,100.00,17.20,.,28.00,74.00,1043.00
BrettenOost,BU03631107,0.00,0.00,0.00,0.00,0.00,0.00,0.00,0.00,0.00,0.00,0.00,.,,,,1043.00
BrettenWest,BU03631109,0.00,0.00,0.00,0.00,0.00,0.00,0.00,0.00,0.00,0.00,0.00,.,,,,1046.00
Houthavens,WK036312,700.00,325.00,75.00,20.00,265.00,125.00,15.00,10.00,25.00,10.00,65.00,39.70,7.00,5.00,4.00,.
HouthavensWest,BU03631200,305.00,130.00,15.00,0.00,110.00,50.00,5.00,10.00,0.00,5.00,30.00,45.10,18.00,4.00,4.00,1013.00
HouthavensEast,BU03631201,390.00,195.00,60.00,15.00,150.00,70.00,10.00,0.00,20.00,5.00,35.00,36.60,0.00,6.00,5.00,1013.00
SpaarndammerandZeeheldenbuurt,WK036313,7360.00,2035.00,1110.00,280.00,1900.00,3385.00,865.00,140.00,850.00,250.00,1275.00,25.90,2.00,7.00,13.00,.
Zeeheldenbuurt,BU03631300,1435.00,380.00,190.00,35.00,395.00,670.00,200.00,15.00,160.00,30.00,265.00,26.60,2.00,3.00,8.00,1013.00
SpaarndammerbuurtNortheast,BU03631301,1840.00,555.00,320.00,65.00,450.00,1005.00,250.00,50.00,230.00,95.00,375.00,24.20,2.00,3.00,11.00,1013.00
SpaarndammerbuurtZuidoost,BU03631302,695.00,215.00,95.00,25.00,190.00,270.00,70.00,10.00,70.00,20.00,95.00,26.80,1.00,6.00,2.00,1013.00
SpaarndammerbuurtSouthwest,BU03631303,1115.00,300.00,185.00,95.00,325.00,390.00,60.00,25.00,120.00,30.00,160.00,27.30,4.00,6.00,7.00,1013.00
SpaarndammerbuurtMidden,BU03631304,880.00,220.00,110.00,15.00,210.00,370.00,85.00,20.00,90.00,25.00,155.00,26.10,1.00,4.00,4.00,1013.00
SpaarndammerbuurtNorthwest,BU03631305,1390.00,360.00,215.00,45.00,330.00,690.00,205.00,20.00,185.00,55.00,225.00,25.90,3.00,10.00,4.00,1013.00
Westergasfabriek,BU03631306,0.00,0.00,0.00,0.00,0.00,0.00,0.00,0.00,0.00,0.00,0.00,.,,,,1014.00
BurglarintheBinnenpolder,BU03631307,5.00,0.00,0.00,0.00,0.00,0.00,0.00,0.00,0.00,0.00,0.00,.,.,.,.,1014.00
Staatsliedenbuurt,WK036314,9565.00,2485.00,1045.00,215.00,2910.00,3365.00,905.00,120.00,615.00,260.00,1455.00,29.00,3.00,3.00,6.00,.
TheWittenbuurtNoord,BU03631400,950.00,300.00,115.00,25.00,285.00,355.00,100.00,15.00,50.00,40.00,155.00,29.80,3.00,4.00,5.00,1052.00
TheWittenbuurtSouth,BU03631401,585.00,220.00,95.00,20.00,185.00,245.00,75.00,10.00,45.00,10.00,105.00,24.90,10.00,7.00,7.00,1052.00
StaatsliedenbuurtNortheast,BU03631402,715.00,285.00,170.00,70.00,225.00,430.00,110.00,5.00,105.00,35.00,170.00,24.00,5.00,6.00,9.00,1051.00
FanniusScholtenbuurt,BU03631403,2865.00,560.00,260.00,40.00,855.00,950.00,240.00,35.00,205.00,100.00,375.00,28.30,2.00,2.00,4.00,1051.00
Westernstatesman,BU03631404,2275.00,425.00,180.00,15.00,705.00,690.00,185.00,25.00,95.00,30.00,360.00,29.10,2.00,1.00,7.00,1051.00
Buyskadeandsurroundingareas,BU03631405,2180.00,700.00,220.00,40.00,655.00,700.00,200.00,35.00,120.00,55.00,290.00,33.20,3.00,2.00,5.00,1051.00
CentralMarket,WK036315,1570.00,585.00,215.00,60.00,470.00,640.00,210.00,20.00,100.00,45.00,255.00,30.90,2.00,4.00,9.00,.
Ecowijk,BU03631500,885.00,320.00,120.00,25.00,260.00,300.00,105.00,10.00,45.00,15.00,125.00,31.80,2.00,1.00,0.00,1051.00
Markethalls,BU03631501,0.00,5.00,0.00,0.00,0.00,0.00,0.00,0.00,0.00,0.00,0.00,.,.,.,.,1051.00
Westerkwartierbusinesscenter,BU03631502,35.00,20.00,5.00,0.00,5.00,5.00,0.00,0.00,0.00,0.00,5.00,.,15.00,77.00,31.00,1051.00
Marcanti,BU03631503,645.00,235.00,90.00,35.00,205.00,335.00,105.00,15.00,55.00,35.00,125.00,30.00,2.00,4.00,6.00,1051.00
FrederikHendrikbuurt,WK036316,5970.00,1580.00,695.00,200.00,1880.00,1810.00,500.00,75.00,240.00,155.00,840.00,29.80,4.00,5.00,5.00,.
FrederikHendrikbuurtNoord,BU03631600,2770.00,740.00,315.00,70.00,935.00,755.00,210.00,30.00,85.00,65.00,365.00,28.90,4.00,5.00,5.00,1052.00
FrederikHendrikbuurtZuidoost,BU03631601,2455.00,540.00,255.00,45.00,715.00,800.00,190.00,40.00,115.00,70.00,385.00,29.20,5.00,3.00,6.00,1052.00
FrederikHendrikbuurtSouthwest,BU03631602,745.00,295.00,125.00,85.00,230.00,255.00,95.00,5.00,40.00,25.00,95.00,34.50,2.00,10.00,4.00,1052.00
DaCostaneighborhood,WK036317,3360.00,910.00,340.00,95.00,1200.00,735.00,130.00,60.00,140.00,60.00,355.00,32.10,8.00,4.00,5.00,.
DaCostabuurtNoord,BU03631700,3360.00,915.00,335.00,95.00,1200.00,735.00,125.00,55.00,140.00,60.00,350.00,32.10,8.00,4.00,5.00,1053.00
Kinkerbuurt,WK036318,5030.00,990.00,490.00,80.00,1415.00,1555.00,440.00,70.00,280.00,195.00,570.00,29.30,5.00,5.00,6.00,.
BellamybuurtNoord,BU03631800,2125.00,440.00,225.00,35.00,525.00,735.00,235.00,35.00,145.00,75.00,250.00,29.20,3.00,6.00,4.00,1053.00
BellamybuurtZuid,BU03631801,2905.00,545.00,265.00,40.00,895.00,820.00,205.00,40.00,135.00,120.00,320.00,29.40,6.00,5.00,8.00,1053.00
VanLennepbuurt,WK036319,4910.00,1265.00,635.00,180.00,1470.00,2090.00,615.00,60.00,405.00,230.00,785.00,27.20,6.00,6.00,6.00,.
DaCostabuurtZuid,BU03631900,1755.00,320.00,125.00,25.00,605.00,385.00,70.00,15.00,65.00,30.00,210.00,31.20,7.00,5.00,4.00,1053.00
Borgerbuurt,BU03631901,1755.00,660.00,345.00,130.00,450.00,1210.00,415.00,25.00,255.00,150.00,365.00,23.40,6.00,6.00,9.00,1053.00
Lootsbuurt,BU03631902,1405.00,280.00,160.00,30.00,420.00,500.00,125.00,20.00,80.00,50.00,210.00,27.70,4.00,7.00,5.00,1053.00
Helmersbuurt,WK036320,5310.00,1465.00,525.00,105.00,1865.00,990.00,100.00,75.00,185.00,75.00,560.00,34.80,7.00,3.00,5.00,.
HelmersbuurtEast,BU03632000,1870.00,585.00,140.00,20.00,705.00,280.00,20.00,25.00,40.00,20.00,180.00,38.70,6.00,2.00,4.00,1054.00
WGsite,BU03632001,1700.00,510.00,245.00,55.00,565.00,420.00,60.00,25.00,105.00,40.00,190.00,31.20,9.00,6.00,9.00,1054.00
CremerbuurtEast,BU03632002,1740.00,370.00,140.00,25.00,595.00,295.00,25.00,25.00,40.00,20.00,185.00,34.50,5.00,0.00,1.00,1054.00
OvertoomseSluis,WK036321,5835.00,1410.00,525.00,115.00,2060.00,1065.00,120.00,65.00,165.00,100.00,615.00,34.30,3.00,2.00,3.00,.
CremerbuurtWest,BU03632100,4270.00,970.00,375.00,65.00,1525.00,795.00,110.00,45.00,105.00,85.00,455.00,33.70,3.00,2.00,3.00,1054.00
VondelparkneighborhoodWest,BU03632101,1570.00,440.00,145.00,50.00,535.00,265.00,15.00,15.00,60.00,15.00,160.00,36.10,4.00,1.00,5.00,1054.00
Vondelbuurt,WK036322,1185.00,455.00,155.00,75.00,540.00,270.00,45.00,15.00,45.00,15.00,150.00,50.00,3.00,18.00,11.00,.
VondelparkneighborhoodEast,BU03632200,615.00,235.00,65.00,25.00,315.00,125.00,15.00,5.00,20.00,5.00,85.00,52.50,4.00,25.00,19.00,1054.00
VondelparkbuurtMidden,BU03632201,575.00,215.00,85.00,50.00,225.00,145.00,30.00,10.00,30.00,10.00,70.00,47.40,2.00,11.00,2.00,1054.00
Zuidas,WK036323,2740.00,850.00,105.00,5.00,1015.00,1360.00,55.00,40.00,95.00,85.00,1080.00,41.30,3.00,9.00,17.00,.
ZuidasNoord,BU03632300,330.00,110.00,10.00,0.00,115.00,160.00,0.00,5.00,0.00,10.00,140.00,41.90,.,13.00,47.00,1077.00
RAI,BU03632301,0.00,0.00,0.00,0.00,0.00,0.00,0.00,0.00,0.00,0.00,0.00,.,,,,1078.00
VUquarter,BU03632302,120.00,35.00,0.00,0.00,40.00,75.00,0.00,0.00,0.00,10.00,60.00,.,13.00,52.00,142.00,1081.00
ZuidasSouth,BU03632303,1415.00,610.00,80.00,10.00,630.00,835.00,45.00,20.00,55.00,40.00,670.00,58.60,3.00,4.00,4.00,1082.00
Vivaldi,BU03632304,885.00,85.00,15.00,0.00,230.00,290.00,10.00,15.00,30.00,30.00,200.00,17.00,1.00,3.00,4.00,1083.00
OldPipe,WK036324,11240.00,2425.00,970.00,185.00,3795.00,2765.00,400.00,130.00,470.00,245.00,1520.00,30.90,4.00,4.00,10.00,.
Hemonybuurt,BU03632400,1915.00,490.00,145.00,25.00,630.00,375.00,45.00,25.00,65.00,25.00,215.00,32.80,8.00,4.00,4.00,1074.00
GerardDoubuurt,BU03632401,1455.00,345.00,160.00,30.00,535.00,455.00,110.00,20.00,60.00,35.00,235.00,29.70,3.00,4.00,13.00,1073.00
FransHalsbuurt,BU03632402,1980.00,420.00,175.00,35.00,735.00,450.00,50.00,25.00,60.00,45.00,275.00,36.50,6.00,6.00,8.00,1072.00
HerculesSeghersbuurt,BU03632403,2000.00,385.00,165.00,30.00,600.00,600.00,105.00,30.00,105.00,75.00,290.00,26.80,3.00,5.00,10.00,1072.00
Sarphatiparkneighborhood,BU03632404,3885.00,785.00,325.00,65.00,1290.00,885.00,90.00,35.00,175.00,70.00,505.00,29.90,3.00,4.00,12.00,1073.00
NewPipe,WK036325,9010.00,2060.00,950.00,310.00,2810.00,2575.00,570.00,110.00,535.00,240.00,1115.00,30.30,3.00,3.00,8.00,.
Willibrordusbuurt,BU03632500,1765.00,430.00,225.00,100.00,535.00,555.00,140.00,30.00,115.00,45.00,230.00,27.00,5.00,3.00,11.00,1074.00
VanderHelstpleinneighborhood,BU03632501,2920.00,630.00,285.00,45.00,945.00,755.00,115.00,30.00,165.00,80.00,370.00,33.80,3.00,3.00,5.00,1073.00
LizzyAnsinghbuurt,BU03632502,1760.00,375.00,195.00,85.00,540.00,620.00,175.00,30.00,135.00,45.00,240.00,28.10,3.00,5.00,6.00,1072.00
CornelisTroostbuurt,BU03632503,2570.00,620.00,240.00,80.00,795.00,650.00,145.00,30.00,125.00,70.00,280.00,30.20,3.00,3.00,13.00,1072.00
SouthPipe,WK036326,5445.00,1620.00,925.00,210.00,1510.00,2800.00,810.00,90.00,590.00,320.00,985.00,24.60,2.00,4.00,6.00,.
Diamantbuurt,BU03632600,2100.00,630.00,315.00,85.00,580.00,1125.00,345.00,40.00,225.00,115.00,405.00,24.50,2.00,3.00,7.00,1074.00
MayorTellegenbuurtEast,BU03632601,1880.00,570.00,305.00,65.00,505.00,945.00,285.00,30.00,205.00,115.00,315.00,25.30,2.00,4.00,4.00,1073.00
MayorofTellegenbuurtWest,BU03632602,1460.00,425.00,305.00,65.00,420.00,725.00,180.00,20.00,165.00,90.00,270.00,23.90,1.00,4.00,7.00,1073.00
Weesperzijde,WK036327,4065.00,1085.00,325.00,75.00,1385.00,1050.00,210.00,40.00,190.00,95.00,515.00,36.50,5.00,5.00,7.00,.
Swammerdambuurt,BU03632700,1450.00,395.00,105.00,25.00,475.00,260.00,40.00,10.00,50.00,15.00,140.00,38.90,5.00,7.00,5.00,1091.00
WeesperzijdeCentral/South,BU03632701,2110.00,675.00,210.00,45.00,635.00,615.00,140.00,30.00,130.00,65.00,255.00,37.10,5.00,4.00,9.00,1091.00
Parooltriangle,BU03632702,500.00,15.00,5.00,0.00,275.00,180.00,30.00,5.00,10.00,15.00,125.00,14.70,2.00,4.00,6.00,1091.00
Oosterparkbuurt,WK036328,7555.00,2165.00,950.00,220.00,1955.00,3745.00,1080.00,100.00,845.00,515.00,1215.00,27.40,6.00,6.00,9.00,.
OosterparkbuurtNorthwest,BU03632800,2785.00,730.00,330.00,75.00,745.00,1260.00,305.00,40.00,270.00,165.00,470.00,26.80,6.00,7.00,10.00,1091.00
Oosterpark,BU03632801,105.00,5.00,15.00,0.00,25.00,25.00,0.00,0.00,15.00,0.00,10.00,19.20,0.00,32.00,144.00,1092.00
OosterparkbuurtZuidoost,BU03632802,2560.00,820.00,295.00,90.00,730.00,1050.00,350.00,20.00,230.00,125.00,320.00,29.70,4.00,3.00,5.00,1092.00
OosterparkbuurtSouthwest,BU03632803,2110.00,605.00,310.00,55.00,465.00,1415.00,425.00,35.00,330.00,220.00,410.00,26.10,7.00,7.00,8.00,1091.00
Dapperbuurt,WK036329,6680.00,2135.00,945.00,305.00,1575.00,3760.00,1120.00,115.00,785.00,655.00,1090.00,26.20,4.00,5.00,11.00,.
DapperbuurtNoord,BU03632900,2895.00,900.00,410.00,150.00,715.00,1705.00,500.00,45.00,350.00,335.00,475.00,25.40,5.00,5.00,10.00,1093.00
DapperbuurtZuid,BU03632901,2630.00,755.00,360.00,75.00,580.00,1480.00,475.00,40.00,290.00,255.00,415.00,24.80,4.00,3.00,7.00,1093.00
EastGate,BU03632902,1155.00,485.00,175.00,75.00,285.00,575.00,140.00,25.00,145.00,60.00,205.00,31.60,2.00,8.00,24.00,1093.00
Transvaalbuurt,WK036330,6325.00,1955.00,840.00,220.00,1370.00,4115.00,1595.00,110.00,770.00,640.00,995.00,24.80,3.00,4.00,7.00,.
TransvaalbuurtWest,BU03633000,2765.00,850.00,420.00,110.00,600.00,1845.00,700.00,35.00,375.00,280.00,450.00,24.70,3.00,5.00,8.00,1091.00
TransvaalbuurtOost,BU03633001,3565.00,1105.00,420.00,115.00,770.00,2275.00,895.00,75.00,390.00,365.00,545.00,24.90,3.00,3.00,7.00,1092.00
IndischeBuurtWest,WK036331,8660.00,2720.00,1030.00,235.00,2100.00,5730.00,2260.00,140.00,950.00,965.00,1415.00,25.50,5.00,5.00,5.00,.
NorthwestquadrantIndianneighborhoodNorth,BU03633100,2730.00,725.00,265.00,45.00,795.00,1210.00,420.00,35.00,215.00,165.00,375.00,27.60,5.00,5.00,6.00,1094.00
NorthwestquadrantIndianneighborhoodSouth,BU03633101,3440.00,870.00,335.00,75.00,830.00,1890.00,705.00,60.00,310.00,305.00,505.00,26.00,3.00,3.00,4.00,1094.00
SouthwestquadrantIndianneighborhood,BU03633102,2490.00,1125.00,435.00,110.00,480.00,2630.00,1135.00,40.00,430.00,495.00,540.00,22.60,6.00,5.00,5.00,1094.00
IndischeBuurtOost,WK036332,6385.00,2560.00,945.00,320.00,1335.00,5355.00,2060.00,120.00,890.00,1050.00,1235.00,24.00,6.00,5.00,6.00,.
NortheastquadrantIndianneighborhood,BU03633200,3790.00,1450.00,595.00,225.00,785.00,3130.00,1130.00,70.00,570.00,585.00,775.00,23.20,4.00,4.00,7.00,1095.00
SoutheastquadrantIndianneighborhood,BU03633201,2300.00,970.00,325.00,85.00,470.00,2105.00,895.00,45.00,290.00,450.00,430.00,23.90,7.00,5.00,6.00,1095.00
ZeeburgerdijkEast,BU03633202,290.00,130.00,30.00,10.00,75.00,115.00,40.00,5.00,30.00,20.00,25.00,37.20,11.00,9.00,0.00,1095.00
Flevopark,BU03633203,10.00,5.00,0.00,0.00,5.00,0.00,0.00,0.00,0.00,0.00,0.00,.,.,.,.,1095.00
EasternDocklands,WK036333,11835.00,4905.00,1500.00,305.00,3510.00,4025.00,805.00,170.00,985.00,415.00,1645.00,37.30,8.00,4.00,4.00,.
EasternHandelskade,BU03633300,955.00,385.00,115.00,10.00,385.00,435.00,90.00,15.00,75.00,35.00,225.00,48.50,23.00,12.00,5.00,1019.00
Reedlands,BU03633301,1610.00,640.00,185.00,50.00,475.00,695.00,150.00,20.00,175.00,80.00,275.00,37.10,3.00,4.00,5.00,1019.00
JavaIsland,BU03633302,1955.00,865.00,245.00,70.00,570.00,435.00,60.00,30.00,95.00,50.00,200.00,39.20,8.00,2.00,2.00,1019.00
KNSMIsland,BU03633303,1420.00,695.00,230.00,50.00,460.00,415.00,50.00,20.00,135.00,40.00,170.00,36.80,4.00,3.00,3.00,1019.00
Sporenburg,BU03633304,1705.00,770.00,145.00,20.00,490.00,360.00,35.00,30.00,105.00,40.00,150.00,40.00,3.00,2.00,3.00,1019.00
Borneo,BU03633305,1965.00,695.00,190.00,25.00,470.00,515.00,160.00,30.00,105.00,25.00,190.00,37.00,7.00,1.00,2.00,1019.00
Entrepot-Northwest,BU03633306,895.00,365.00,170.00,35.00,275.00,540.00,135.00,25.00,140.00,40.00,195.00,30.80,13.00,5.00,10.00,1019.00
Architectenbuurt,BU03633307,1115.00,425.00,205.00,30.00,330.00,560.00,135.00,10.00,150.00,90.00,180.00,31.40,8.00,4.00,5.00,1019.00
Veelaanbusinessarea,BU03633308,25.00,10.00,5.00,0.00,5.00,0.00,0.00,0.00,0.00,0.00,5.00,.,.,.,.,1019.00
Cruquiuswegbusinessarea,BU03633309,90.00,15.00,5.00,0.00,20.00,50.00,0.00,0.00,0.00,0.00,40.00,.,18.00,27.00,45.00,1019.00
Zeeburgerkadebusinessarea,BU03633310,90.00,45.00,10.00,0.00,35.00,10.00,0.00,0.00,5.00,0.00,10.00,.,27.00,20.00,27.00,1019.00
Zeeburgereiland/NieuweDiep,WK036334,2560.00,415.00,150.00,20.00,735.00,815.00,100.00,45.00,160.00,65.00,450.00,21.60,6.00,4.00,8.00,.
ZeeburgereilandNorthwest,BU03633400,15.00,5.00,0.00,0.00,5.00,0.00,0.00,0.00,0.00,0.00,0.00,.,.,.,.,1095.00
ZeeburgereilandSouthEast,BU03633402,490.00,5.00,0.00,0.00,140.00,130.00,15.00,20.00,20.00,5.00,75.00,9.70,2.00,2.00,12.00,1095.00
ZeeburgereilandSouthwest,BU03633403,290.00,15.00,10.00,0.00,50.00,25.00,0.00,5.00,5.00,0.00,15.00,9.30,0.00,0.00,4.00,1095.00
NieuweDiep/Diemerpark,BU03633404,45.00,15.00,5.00,5.00,5.00,5.00,5.00,0.00,0.00,0.00,5.00,.,29.00,0.00,86.00,1095.00
RIEastsite,BU03633405,1720.00,365.00,130.00,10.00,540.00,655.00,85.00,25.00,135.00,55.00,360.00,26.60,7.00,5.00,5.00,1095.00
ZeeburgereilandNortheast,BU03633406,0.00,0.00,0.00,0.00,0.00,0.00,0.00,0.00,0.00,0.00,0.00,.,,,,1095.00
IJburgWest,WK036335,9490.00,4195.00,1000.00,140.00,2350.00,5070.00,1345.00,205.00,1340.00,435.00,1745.00,36.80,6.00,3.00,6.00,.
JettyIslandNorth,BU03633500,955.00,345.00,125.00,10.00,230.00,550.00,180.00,10.00,170.00,50.00,145.00,35.70,6.00,3.00,3.00,1086.00
ScaffoldingIslandSouth,BU03633501,1775.00,730.00,150.00,15.00,350.00,820.00,205.00,45.00,205.00,65.00,300.00,37.50,3.00,3.00,8.00,1086.00
HaveneilandZuidwest/RieteilandWest,BU03633502,1735.00,920.00,145.00,25.00,450.00,565.00,75.00,30.00,185.00,50.00,230.00,48.20,8.00,3.00,2.00,1087.00
HaveneilandNorthwest,BU03633504,1575.00,685.00,215.00,35.00,480.00,880.00,220.00,50.00,195.00,80.00,340.00,33.60,5.00,5.00,10.00,1087.00
HaveneilandNortheast,BU03633505,3450.00,1515.00,370.00,50.00,840.00,2250.00,670.00,65.00,590.00,195.00,730.00,33.10,6.00,3.00,7.00,1087.00
Sloterdijk,WK036336,380.00,90.00,35.00,5.00,120.00,75.00,10.00,0.00,20.00,5.00,35.00,38.80,26.00,285.00,46.00,.
Sloterdijkresidentialandgreenarea,BU03633600,310.00,85.00,25.00,0.00,95.00,40.00,0.00,0.00,5.00,0.00,25.00,42.90,14.00,17.00,2.00,1014.00
SloterdijkIbusinesspark,BU03633601,70.00,0.00,15.00,0.00,20.00,35.00,5.00,5.00,10.00,5.00,10.00,.,82.00,1612.00,259.00,1014.00
Landlust,WK036337,12675.00,4115.00,1415.00,355.00,2950.00,8140.00,3300.00,185.00,870.00,1820.00,1960.00,25.30,3.00,5.00,7.00,.
Landlustindustrialestate,BU03633700,395.00,75.00,25.00,5.00,120.00,125.00,20.00,5.00,15.00,20.00,65.00,30.50,2.00,6.00,8.00,1055.00
Forestlion,BU03633702,3740.00,1500.00,375.00,120.00,880.00,3085.00,1250.00,35.00,245.00,985.00,570.00,23.60,2.00,4.00,8.00,1055.00
LandlustSouth,BU03633703,2660.00,760.00,315.00,85.00,595.00,1350.00,585.00,40.00,170.00,215.00,350.00,27.10,3.00,6.00,6.00,1056.00
ErasmusParkneighborhoodEast,BU03633704,1375.00,440.00,120.00,30.00,370.00,650.00,270.00,15.00,80.00,110.00,175.00,28.70,2.00,3.00,6.00,1056.00
Gibraltararea,BU03633705,2945.00,810.00,410.00,75.00,655.00,1785.00,680.00,60.00,215.00,275.00,555.00,23.80,3.00,4.00,8.00,1055.00
LandlustNorth,BU03633706,1560.00,535.00,170.00,50.00,320.00,1145.00,490.00,40.00,145.00,225.00,250.00,24.90,3.00,6.00,6.00,1055.00
ErasmusPark,WK036338,4215.00,1155.00,365.00,110.00,1090.00,1735.00,575.00,55.00,155.00,470.00,485.00,28.80,3.00,2.00,5.00,.
ErasmusParkneighborhoodWest,BU03633802,2920.00,795.00,255.00,75.00,795.00,1125.00,345.00,40.00,100.00,295.00,345.00,29.40,3.00,2.00,6.00,1055.00
RobertScottbuurtOost,BU03633803,1295.00,355.00,110.00,35.00,290.00,615.00,235.00,10.00,55.00,180.00,140.00,27.40,3.00,2.00,3.00,1056.00
TheKolenkit,WK036339,6590.00,2565.00,680.00,240.00,1280.00,6030.00,2745.00,115.00,540.00,1565.00,1065.00,22.70,4.00,4.00,7.00,.
RobertScottbuurtWest,BU03633900,1455.00,395.00,160.00,95.00,340.00,905.00,300.00,25.00,105.00,210.00,260.00,22.50,2.00,9.00,15.00,1055.00
AvenueofSpartaan,BU03633901,1530.00,420.00,115.00,35.00,410.00,930.00,355.00,40.00,130.00,150.00,255.00,23.50,3.00,1.00,7.00,1061.00
KolenkitbuurtZuid,BU03633902,1365.00,605.00,115.00,55.00,250.00,1225.00,570.00,15.00,115.00,360.00,165.00,24.60,7.00,1.00,4.00,1061.00
KolenkitbuurtNoord,BU03633903,2240.00,1140.00,285.00,50.00,285.00,2970.00,1520.00,30.00,190.00,845.00,385.00,20.90,3.00,3.00,5.00,1061.00
Geuzenbuurt,WK036340,5120.00,1245.00,410.00,125.00,1500.00,1395.00,340.00,50.00,215.00,210.00,580.00,29.60,3.00,3.00,6.00,.
Geuzenhofneighborhood,BU03634000,1350.00,205.00,100.00,25.00,430.00,200.00,30.00,10.00,35.00,20.00,105.00,32.10,4.00,2.00,4.00,1056.00
Trompbuurt,BU03634001,2420.00,620.00,180.00,65.00,690.00,605.00,145.00,20.00,95.00,110.00,235.00,28.80,3.00,2.00,3.00,1056.00
PietervanderDoesbuurt,BU03634002,1350.00,410.00,135.00,30.00,380.00,590.00,170.00,15.00,85.00,80.00,240.00,28.40,4.00,5.00,12.00,1056.00
VanGalenbuurt,WK036341,5100.00,1125.00,800.00,115.00,1065.00,3365.00,995.00,160.00,670.00,560.00,970.00,24.90,3.00,4.00,7.00,.
JohnFranklinneighborhood,BU03634100,1410.00,310.00,175.00,30.00,360.00,660.00,200.00,25.00,85.00,130.00,220.00,24.60,7.00,9.00,7.00,1056.00
JanMaijenbuurt,BU03634101,1565.00,445.00,205.00,35.00,345.00,1020.00,320.00,30.00,170.00,260.00,250.00,24.40,3.00,2.00,8.00,1056.00
OrteliusbuurtNoord,BU03634102,955.00,270.00,135.00,35.00,210.00,505.00,155.00,15.00,85.00,105.00,150.00,26.30,1.00,1.00,4.00,1056.00
MercatorPark,BU03634103,1170.00,100.00,285.00,5.00,150.00,1170.00,325.00,95.00,335.00,75.00,350.00,.,0.00,3.00,9.00,1056.00
Mainroadetc,WK036342,7205.00,2025.00,950.00,235.00,1815.00,3790.00,1205.00,115.00,530.00,825.00,1115.00,28.70,3.00,3.00,7.00,.
Balboapleinandsurroundingareas,BU03634200,2200.00,570.00,285.00,60.00,495.00,1290.00,375.00,35.00,165.00,365.00,355.00,27.60,3.00,3.00,12.00,1057.00
Columbuspleinandsurroundingareas,BU03634201,2320.00,795.00,320.00,60.00,515.00,1500.00,545.00,40.00,190.00,290.00,430.00,30.80,3.00,4.00,6.00,1057.00
OrteliusbuurtMidden,BU03634202,1385.00,355.00,175.00,25.00,415.00,515.00,165.00,25.00,80.00,85.00,165.00,27.90,4.00,4.00,6.00,1057.00
OrteliusbuurtZuid,BU03634203,1295.00,305.00,170.00,90.00,385.00,490.00,120.00,25.00,95.00,90.00,165.00,27.60,5.00,3.00,5.00,1057.00
WestIndianNeighborhood,WK036343,5090.00,1270.00,475.00,115.00,1485.00,1340.00,270.00,65.00,210.00,225.00,570.00,30.20,2.00,12.00,3.00,.
Paramaribopleinandsurroundingareas,BU03634300,2870.00,695.00,240.00,65.00,870.00,795.00,185.00,45.00,100.00,130.00,335.00,30.60,1.00,15.00,3.00,1058.00
Postjeskadeandsurroundings,BU03634301,2220.00,575.00,235.00,50.00,615.00,545.00,85.00,25.00,110.00,90.00,240.00,29.70,3.00,8.00,3.00,1058.00
Hoofddorppleinbuurt,WK036344,8550.00,2255.00,815.00,220.00,2690.00,1590.00,225.00,80.00,295.00,135.00,845.00,33.80,3.00,3.00,4.00,.
Surinamepleinbuurt,BU03634400,1095.00,330.00,95.00,25.00,330.00,150.00,15.00,10.00,25.00,10.00,90.00,35.60,5.00,5.00,2.00,1058.00
Westlandgrachtneighborhood,BU03634401,2565.00,705.00,255.00,75.00,760.00,505.00,70.00,25.00,110.00,65.00,240.00,33.00,2.00,3.00,3.00,1058.00
AalsmeerwegbuurtWest,BU03634402,1905.00,430.00,165.00,40.00,590.00,370.00,45.00,15.00,60.00,20.00,230.00,34.00,1.00,2.00,4.00,1059.00
AalsmeerwegbuurtEast,BU03634403,1560.00,430.00,170.00,35.00,495.00,325.00,70.00,15.00,65.00,25.00,145.00,34.30,4.00,4.00,5.00,1059.00
Legmeerpleinbuurt,BU03634404,1220.00,325.00,120.00,40.00,380.00,210.00,25.00,10.00,40.00,10.00,120.00,33.40,2.00,1.00,5.00,1058.00
Schinkelbusinesspark,BU03634405,210.00,35.00,15.00,5.00,135.00,20.00,0.00,0.00,5.00,0.00,15.00,31.40,8.00,26.00,15.00,1059.00
Schinkelbuurt,WK036345,2810.00,625.00,320.00,65.00,900.00,695.00,95.00,25.00,180.00,75.00,325.00,32.10,3.00,5.00,10.00,.
SchinkelbuurtNoord,BU03634500,1760.00,390.00,175.00,35.00,575.00,320.00,45.00,15.00,60.00,30.00,165.00,35.10,4.00,4.00,7.00,1075.00
SchinkelbuurtZuid,BU03634501,1055.00,230.00,150.00,35.00,320.00,375.00,50.00,10.00,120.00,35.00,155.00,27.40,1.00,7.00,15.00,1075.00
Willemspark,WK036346,3265.00,1765.00,365.00,110.00,1675.00,640.00,50.00,20.00,75.00,65.00,425.00,75.00,4.00,4.00,3.00,.
ValeriusbuurtEast,BU03634600,750.00,480.00,100.00,30.00,475.00,120.00,5.00,5.00,20.00,10.00,90.00,83.20,7.00,2.00,4.00,1075.00
ValeriusbuurtWest,BU03634601,1550.00,795.00,165.00,55.00,735.00,365.00,40.00,15.00,40.00,45.00,230.00,51.50,3.00,4.00,2.00,1075.00
WillemsparkbuurtNoord,BU03634602,965.00,490.00,100.00,30.00,470.00,145.00,5.00,5.00,25.00,10.00,105.00,105.20,4.00,6.00,3.00,1075.00
VondelparkWest,BU03634603,0.00,0.00,0.00,0.00,0.00,0.00,0.00,0.00,0.00,0.00,0.00,.,,,,1075.00
MuseumQuarter,WK036347,7130.00,4210.00,870.00,415.00,3785.00,1195.00,35.00,90.00,160.00,85.00,825.00,62.20,4.00,5.00,9.00,.
JohannnesVermeerbuurt,BU03634700,790.00,530.00,95.00,55.00,465.00,175.00,5.00,25.00,20.00,10.00,115.00,62.20,3.00,3.00,10.00,1071.00
PCHooftbuurt,BU03634701,465.00,240.00,50.00,15.00,315.00,80.00,5.00,5.00,5.00,15.00,60.00,67.20,5.00,9.00,25.00,1071.00
Concertgebouwarea,BU03634702,1070.00,625.00,120.00,40.00,555.00,160.00,5.00,10.00,25.00,10.00,115.00,67.90,3.00,4.00,4.00,1071.00
CornelisSchuytbuurt,BU03634703,1610.00,1065.00,175.00,70.00,975.00,245.00,0.00,15.00,35.00,15.00,180.00,89.40,5.00,4.00,3.00,1071.00
Banpleinbuurt,BU03634704,385.00,320.00,60.00,50.00,210.00,60.00,5.00,0.00,15.00,0.00,35.00,92.80,1.00,6.00,6.00,1071.00
Hondecoeterbuurt,BU03634705,1210.00,630.00,125.00,65.00,610.00,200.00,5.00,15.00,20.00,15.00,150.00,53.60,3.00,4.00,5.00,1071.00
Harmoniehofneighborhood,BU03634706,590.00,525.00,155.00,105.00,245.00,95.00,5.00,5.00,25.00,0.00,60.00,31.40,3.00,2.00,3.00,1071.00
Museumplein,BU03634707,0.00,0.00,0.00,0.00,0.00,0.00,0.00,0.00,0.00,0.00,0.00,.,.,.,.,1071.00
VondelparkEast,BU03634708,0.00,0.00,0.00,0.00,0.00,0.00,0.00,0.00,0.00,0.00,0.00,.,,,,1071.00
Devil'sIsland,BU03634709,1010.00,285.00,80.00,25.00,405.00,185.00,10.00,15.00,25.00,20.00,120.00,38.20,6.00,1.00,5.00,1071.00
Stadiumarea,WK036348,7640.00,2585.00,1220.00,350.00,2485.00,2640.00,550.00,155.00,565.00,280.00,1095.00,32.60,2.00,2.00,6.00,.
Bertelmanpleinneighborhood,BU03634800,670.00,235.00,140.00,40.00,170.00,330.00,105.00,20.00,75.00,50.00,80.00,24.20,3.00,2.00,3.00,1075.00
MarathonareaEast,BU03634801,930.00,310.00,190.00,50.00,265.00,355.00,70.00,15.00,85.00,35.00,150.00,35.00,4.00,1.00,6.00,1076.00
MarathonareaWest,BU03634802,1580.00,425.00,340.00,65.00,415.00,790.00,195.00,40.00,205.00,75.00,280.00,24.10,1.00,3.00,8.00,1076.00
OlympicStadiumandsurroundingareas,BU03634803,1365.00,630.00,195.00,75.00,625.00,525.00,110.00,35.00,110.00,45.00,230.00,43.60,1.00,3.00,5.00,1076.00
Icerinkpathetc,BU03634804,255.00,115.00,25.00,15.00,65.00,15.00,0.00,5.00,5.00,0.00,5.00,36.80,2.00,0.00,15.00,1076.00
VanTuyllbuurt,BU03634805,2835.00,875.00,335.00,110.00,945.00,625.00,70.00,45.00,95.00,75.00,345.00,34.00,2.00,1.00,5.00,1076.00
Apollobuurt,WK036349,4605.00,3160.00,580.00,300.00,2625.00,855.00,20.00,50.00,90.00,90.00,605.00,65.60,4.00,2.00,3.00,.
Diepenbrockbuurt,BU03634900,425.00,325.00,35.00,25.00,190.00,80.00,0.00,0.00,15.00,10.00,50.00,98.70,11.00,3.00,6.00,1077.00
Beethovenarea,BU03634901,605.00,470.00,85.00,65.00,380.00,130.00,0.00,10.00,15.00,10.00,90.00,71.30,7.00,2.00,7.00,1077.00
Hiltonarea,BU03634902,45.00,30.00,10.00,5.00,10.00,5.00,0.00,0.00,0.00,0.00,5.00,.,12.00,24.00,0.00,1077.00
MinervabuurtNoord,BU03634903,760.00,550.00,85.00,40.00,455.00,135.00,5.00,5.00,15.00,15.00,100.00,66.70,1.00,2.00,1.00,1077.00
MinervabuurtMidden,BU03634904,1305.00,885.00,175.00,85.00,815.00,245.00,5.00,20.00,20.00,25.00,175.00,59.70,1.00,2.00,2.00,1077.00
MinervabuurtZuid,BU03634905,1470.00,910.00,190.00,85.00,770.00,265.00,5.00,15.00,25.00,30.00,185.00,49.90,4.00,2.00,3.00,1077.00
IJburgEast,WK036350,0.00,0.00,0.00,0.00,0.00,0.00,0.00,0.00,0.00,0.00,0.00,.,,,,.
BeachIsland,BU03635000,0.00,0.00,0.00,0.00,0.00,0.00,0.00,0.00,0.00,0.00,0.00,.,,,,.
CentralIslandSoutheast,BU03635001,0.00,0.00,0.00,0.00,0.00,0.00,0.00,0.00,0.00,0.00,0.00,.,,,,.
CentralIslandSouthwest,BU03635003,0.00,0.00,0.00,0.00,0.00,0.00,0.00,0.00,0.00,0.00,0.00,.,,,,.
OuterIsland,BU03635005,0.00,0.00,0.00,0.00,0.00,0.00,0.00,0.00,0.00,0.00,0.00,.,,,,.
CenterIsland,BU03635006,0.00,0.00,0.00,0.00,0.00,0.00,0.00,0.00,0.00,0.00,0.00,.,,,,1087.00
IJburgSouth,WK036351,5365.00,2195.00,480.00,65.00,1290.00,3035.00,840.00,115.00,685.00,360.00,1040.00,34.70,4.00,2.00,8.00,.
RieteilandOost,BU03635100,170.00,90.00,5.00,0.00,40.00,35.00,0.00,5.00,0.00,5.00,25.00,.,0.00,4.00,4.00,1087.00
HaveneilandOost,BU03635101,4005.00,1650.00,320.00,40.00,970.00,2050.00,580.00,80.00,425.00,230.00,735.00,35.30,3.00,2.00,5.00,1087.00
HaveneilandNoord,BU03635102,1190.00,450.00,145.00,30.00,285.00,945.00,260.00,25.00,260.00,125.00,275.00,28.60,8.00,3.00,18.00,1087.00
Scheldebuurt,WK036352,10130.00,3340.00,1175.00,480.00,3180.00,1755.00,270.00,115.00,335.00,135.00,905.00,36.00,2.00,3.00,4.00,.
Wielingenbuurt,BU03635200,2000.00,775.00,215.00,65.00,675.00,295.00,20.00,20.00,45.00,25.00,180.00,40.40,2.00,1.00,2.00,1078.00
ScheldebuurtWest,BU03635201,2950.00,945.00,375.00,140.00,920.00,520.00,80.00,25.00,100.00,45.00,265.00,35.60,3.00,2.00,3.00,1078.00
ScheldebuurtMidden,BU03635202,2180.00,740.00,215.00,70.00,660.00,310.00,50.00,25.00,55.00,20.00,160.00,34.40,3.00,2.00,3.00,1078.00
ScheldebuurtEast,BU03635203,1645.00,500.00,175.00,60.00,535.00,295.00,45.00,20.00,50.00,25.00,160.00,35.70,0.00,3.00,5.00,1079.00
Veluwearea,BU03635206,945.00,245.00,175.00,135.00,240.00,265.00,55.00,20.00,75.00,15.00,105.00,27.70,3.00,3.00,8.00,1079.00
KopZuidas,BU03635207,410.00,130.00,20.00,5.00,150.00,75.00,10.00,5.00,10.00,5.00,45.00,49.90,5.00,14.00,27.00,1079.00
IJselbuurt,WK036353,3775.00,975.00,510.00,130.00,1070.00,1110.00,280.00,70.00,240.00,120.00,405.00,27.20,1.00,4.00,5.00,.
IJselbuurtWest,BU03635300,1710.00,405.00,250.00,60.00,475.00,465.00,90.00,35.00,105.00,40.00,195.00,27.00,2.00,5.00,4.00,1078.00
IJselbuurtEast,BU03635301,2065.00,575.00,260.00,70.00,595.00,645.00,190.00,35.00,135.00,75.00,205.00,27.30,1.00,3.00,6.00,1078.00
Rijnbuurt,WK036354,6410.00,1575.00,925.00,250.00,1705.00,1750.00,375.00,105.00,365.00,135.00,770.00,29.70,3.00,3.00,3.00,.
KrommeMijdrechtbuurt,BU03635400,1765.00,410.00,255.00,65.00,460.00,530.00,115.00,30.00,95.00,50.00,240.00,26.80,2.00,2.00,6.00,1079.00
RijnbuurtOost,BU03635401,1980.00,475.00,230.00,65.00,505.00,385.00,65.00,35.00,80.00,35.00,175.00,35.00,3.00,2.00,1.00,1079.00
RijnbuurtMidden,BU03635402,1550.00,405.00,170.00,55.00,440.00,280.00,55.00,15.00,65.00,15.00,130.00,30.30,2.00,5.00,3.00,1079.00
RhinebuurtWest,BU03635403,1085.00,275.00,260.00,60.00,290.00,555.00,150.00,25.00,125.00,30.00,225.00,24.10,3.00,2.00,4.00,1079.00
Zorgvlied,BU03635404,20.00,15.00,10.00,0.00,10.00,0.00,0.00,0.00,0.00,0.00,0.00,.,.,.,.,1079.00
Frankendael,WK036355,7150.00,2345.00,930.00,375.00,1875.00,2745.00,715.00,125.00,615.00,220.00,1070.00,26.40,5.00,4.00,8.00,.
TheUnicorn,BU03635501,2110.00,190.00,120.00,5.00,590.00,675.00,120.00,35.00,135.00,45.00,340.00,20.20,1.00,3.00,12.00,1097.00
JulianaPark,BU03635502,485.00,210.00,55.00,20.00,160.00,120.00,0.00,0.00,30.00,30.00,55.00,36.80,4.00,13.00,19.00,1097.00
DonBosco,BU03635503,1395.00,590.00,125.00,45.00,365.00,410.00,150.00,20.00,65.00,20.00,155.00,33.60,3.00,3.00,5.00,1097.00
Frankendael,BU03635504,5.00,5.00,0.00,0.00,0.00,0.00,0.00,0.00,0.00,0.00,0.00,.,.,.,.,1097.00
GardenvillageAmstelstation,BU03635505,460.00,195.00,135.00,45.00,95.00,335.00,85.00,15.00,80.00,35.00,110.00,19.70,10.00,5.00,7.00,1097.00
TheWetbuurt,BU03635506,1045.00,505.00,170.00,135.00,255.00,305.00,65.00,10.00,75.00,30.00,120.00,29.00,6.00,2.00,3.00,1097.00
GardenvillageFrankendael,BU03635507,1290.00,530.00,270.00,110.00,345.00,570.00,150.00,25.00,155.00,45.00,190.00,25.80,5.00,2.00,7.00,1097.00
VanderKunbuurt,BU03635508,370.00,125.00,55.00,10.00,65.00,325.00,130.00,10.00,70.00,20.00,95.00,21.20,7.00,0.00,7.00,1097.00
Middenmeer,WK036356,10195.00,3985.00,895.00,380.00,3265.00,2070.00,330.00,115.00,395.00,155.00,1065.00,32.00,3.00,4.00,4.00,.
Linnaeusparkneighborhood,BU03635600,1665.00,695.00,165.00,50.00,495.00,255.00,25.00,15.00,40.00,25.00,150.00,38.40,2.00,5.00,5.00,1098.00
MiddenmeerNoord,BU03635601,1820.00,945.00,160.00,70.00,445.00,345.00,100.00,15.00,65.00,25.00,140.00,33.80,2.00,5.00,2.00,1098.00
MiddenmeerSouth,BU03635602,3285.00,1355.00,350.00,165.00,955.00,570.00,85.00,45.00,110.00,25.00,300.00,34.10,2.00,3.00,3.00,1098.00
MiddenmeerSouthSportsPark,BU03635603,115.00,115.00,30.00,45.00,40.00,10.00,0.00,0.00,5.00,0.00,5.00,35.20,3.00,0.00,10.00,1098.00
MiddenmeerNoordsportspark,BU03635604,0.00,0.00,0.00,0.00,0.00,0.00,0.00,0.00,0.00,0.00,0.00,.,,,,1098.00
ParkdeMeer,BU03635605,880.00,605.00,120.00,40.00,255.00,405.00,95.00,20.00,100.00,40.00,155.00,36.50,3.00,1.00,2.00,1098.00
SportsparkVoorland,BU03635606,0.00,0.00,0.00,0.00,0.00,0.00,0.00,0.00,0.00,0.00,0.00,.,,,,1098.00
ScienceParkNorth,BU03635607,2400.00,270.00,60.00,10.00,1060.00,485.00,30.00,20.00,75.00,45.00,310.00,19.90,5.00,2.00,4.00,1098.00
ScienceParkSouth,BU03635608,20.00,5.00,5.00,0.00,15.00,5.00,0.00,0.00,0.00,0.00,0.00,.,.,.,.,1098.00
Concretevillage,WK036357,1770.00,805.00,500.00,180.00,405.00,840.00,210.00,25.00,220.00,55.00,335.00,23.10,8.00,4.00,6.00,.
Concretevillage,BU03635700,1765.00,805.00,500.00,180.00,405.00,840.00,210.00,25.00,225.00,55.00,335.00,23.00,8.00,4.00,6.00,1097.00
NewEasternCemetery,BU03635701,0.00,5.00,5.00,5.00,0.00,5.00,0.00,0.00,0.00,0.00,5.00,.,.,.,.,1097.00
Drieburg,BU03635702,0.00,0.00,0.00,0.00,0.00,0.00,0.00,0.00,0.00,0.00,0.00,.,,,,1097.00
Omval/Overamstel,WK036358,3775.00,600.00,190.00,35.00,845.00,1130.00,60.00,120.00,170.00,70.00,705.00,25.50,5.00,5.00,15.00,.
Weespertrekvaart,BU03635801,1275.00,105.00,30.00,0.00,150.00,595.00,20.00,80.00,85.00,15.00,405.00,14.30,4.00,4.00,38.00,1096.00
Amstelglory,BU03635804,55.00,15.00,5.00,5.00,15.00,0.00,0.00,0.00,0.00,0.00,5.00,.,.,25.00,13.00,1096.00
Overamstel,BU03635805,35.00,5.00,5.00,0.00,0.00,5.00,0.00,0.00,5.00,0.00,5.00,.,.,.,.,1096.00
AmstelkwartierNorth,BU03635806,1430.00,225.00,80.00,10.00,300.00,275.00,35.00,30.00,55.00,30.00,125.00,29.20,4.00,3.00,3.00,1096.00
TheFall,BU03635807,430.00,215.00,65.00,20.00,245.00,125.00,0.00,5.00,10.00,15.00,95.00,52.00,6.00,1.00,4.00,1096.00
AmstelkwartierSouth,BU03635808,15.00,10.00,5.00,5.00,10.00,5.00,0.00,0.00,0.00,0.00,0.00,.,.,.,.,1096.00
AmstelkwartierWest,BU03635809,525.00,25.00,10.00,5.00,120.00,130.00,5.00,10.00,20.00,10.00,85.00,14.10,2.00,5.00,5.00,1096.00
PrincessIrenebuurtandsurroundingareas,WK036359,680.00,505.00,80.00,75.00,405.00,180.00,5.00,10.00,15.00,10.00,135.00,57.80,10.00,1.00,3.00,.
PrincessIreneneighborhood,BU03635900,680.00,505.00,85.00,75.00,405.00,175.00,10.00,5.00,15.00,10.00,135.00,57.80,10.00,1.00,1.00,1077.00
BeatrixPark,BU03635901,0.00,0.00,0.00,0.00,0.00,0.00,0.00,0.00,0.00,0.00,0.00,.,,,,1077.00
Volewijck,WK036360,5990.00,2295.00,1095.00,375.00,1180.00,3875.00,1095.00,140.00,725.00,445.00,1470.00,21.40,5.00,5.00,13.00,.
VanderPekbuurt,BU03636000,3315.00,995.00,530.00,120.00,615.00,2395.00,805.00,75.00,355.00,290.00,865.00,20.60,7.00,6.00,17.00,1031.00
BloemenbuurtZuid,BU03636001,1420.00,595.00,310.00,115.00,270.00,895.00,200.00,40.00,205.00,80.00,365.00,21.00,4.00,2.00,8.00,1032.00
BloemenbuurtNoord,BU03636002,1255.00,710.00,255.00,140.00,300.00,580.00,85.00,15.00,165.00,75.00,235.00,23.50,5.00,6.00,8.00,1032.00
IJplein/Vogelbuurt,WK036361,5235.00,1890.00,885.00,245.00,1140.00,3660.00,1165.00,135.00,690.00,355.00,1310.00,22.80,5.00,6.00,6.00,.
IJpleinandsurroundingareas,BU03636100,1520.00,575.00,295.00,95.00,335.00,1115.00,325.00,30.00,210.00,150.00,395.00,22.80,5.00,6.00,8.00,1021.00
VogelbuurtSouth,BU03636101,2770.00,1000.00,440.00,110.00,595.00,2060.00,695.00,85.00,385.00,180.00,715.00,22.20,5.00,6.00,5.00,1021.00
VogelbuurtNoord,BU03636102,840.00,260.00,135.00,35.00,175.00,470.00,150.00,20.00,95.00,25.00,185.00,23.30,4.00,6.00,8.00,1022.00
Flyforest,BU03636103,105.00,45.00,10.00,0.00,45.00,10.00,0.00,0.00,0.00,0.00,15.00,.,0.00,6.00,12.00,1022.00
TuindorpNieuwendam,WK036362,1755.00,1095.00,460.00,225.00,385.00,495.00,95.00,25.00,125.00,30.00,225.00,24.10,7.00,5.00,3.00,.
TuindorpNieuwendamWest,BU03636200,440.00,405.00,120.00,80.00,130.00,170.00,40.00,0.00,45.00,15.00,65.00,24.30,6.00,3.00,3.00,1023.00
TuindorpNieuwendamEast,BU03636201,1315.00,690.00,335.00,140.00,255.00,325.00,50.00,25.00,80.00,15.00,160.00,24.10,7.00,6.00,4.00,1023.00
TuindorpBuiksloot,WK036363,1000.00,580.00,210.00,125.00,210.00,395.00,90.00,10.00,95.00,35.00,160.00,23.10,2.00,7.00,10.00,.
BlueSand,BU03636300,1000.00,575.00,205.00,125.00,205.00,395.00,95.00,15.00,95.00,35.00,160.00,23.10,2.00,7.00,10.00,1025.00
Nieuwendammerdijk/Buiksloterdijk,WK036364,980.00,580.00,80.00,45.00,270.00,75.00,10.00,15.00,5.00,5.00,40.00,44.50,3.00,7.00,2.00,.
BuiksloterdijkWest,BU03636400,85.00,50.00,5.00,5.00,25.00,5.00,0.00,0.00,0.00,0.00,0.00,.,0.00,7.00,7.00,1034.00
BuiksloterdijkEast,BU03636401,70.00,50.00,10.00,5.00,20.00,15.00,10.00,0.00,0.00,0.00,10.00,.,0.00,8.00,0.00,1025.00
NieuwendammerdijkWest,BU03636402,615.00,360.00,45.00,25.00,155.00,45.00,5.00,10.00,5.00,0.00,30.00,43.00,3.00,9.00,2.00,1025.00
NieuwendammerdijkEast,BU03636403,215.00,115.00,20.00,10.00,70.00,10.00,0.00,0.00,0.00,0.00,5.00,44.50,6.00,3.00,3.00,1023.00
NieuwendammerdijkSouth,BU03636404,5.00,0.00,0.00,0.00,0.00,0.00,0.00,5.00,0.00,0.00,0.00,.,.,.,.,1023.00
TuindorpOostzaan,WK036365,6260.00,3505.00,1175.00,580.00,1210.00,3070.00,805.00,110.00,705.00,365.00,1085.00,24.90,3.00,4.00,5.00,.
TuindorpOostzaanWest,BU03636500,490.00,400.00,145.00,145.00,100.00,235.00,60.00,10.00,45.00,30.00,90.00,24.50,3.00,3.00,1.00,1033.00
GardenvillageOostzaanEast,BU03636501,2230.00,1340.00,420.00,230.00,430.00,735.00,170.00,30.00,165.00,95.00,280.00,24.10,3.00,4.00,4.00,1033.00
Terracevillage,BU03636502,2140.00,1145.00,505.00,190.00,480.00,1260.00,315.00,30.00,315.00,130.00,470.00,23.40,4.00,6.00,9.00,1033.00
TheBongerd,BU03636503,1405.00,625.00,105.00,15.00,205.00,835.00,260.00,40.00,175.00,110.00,245.00,31.60,3.00,3.00,2.00,1036.00
Oostzanerwerf,WK036366,4715.00,2985.00,805.00,390.00,1055.00,2755.00,535.00,90.00,615.00,520.00,1000.00,27.60,4.00,3.00,6.00,.
Oostzanerdijk,BU03636601,225.00,135.00,25.00,20.00,55.00,20.00,0.00,0.00,5.00,0.00,15.00,32.10,3.00,5.00,13.00,1035.00
Walvisbuurt,BU03636602,755.00,555.00,85.00,45.00,185.00,425.00,70.00,15.00,125.00,100.00,110.00,30.10,2.00,3.00,5.00,1035.00
TwiskeWest,BU03636603,1240.00,965.00,165.00,65.00,270.00,450.00,80.00,20.00,145.00,55.00,150.00,33.90,4.00,1.00,2.00,1035.00
NoorderIJplas,BU03636604,70.00,55.00,15.00,5.00,15.00,10.00,0.00,0.00,0.00,0.00,5.00,.,,,,1037.00
Molenwijk,BU03636605,1680.00,835.00,395.00,220.00,370.00,1505.00,315.00,50.00,240.00,285.00,615.00,21.30,4.00,6.00,9.00,1035.00
Circus/Kermisbuurt,BU03636606,750.00,440.00,120.00,30.00,165.00,345.00,65.00,5.00,100.00,75.00,105.00,28.40,8.00,1.00,4.00,1033.00
Kadoelen,WK036367,1565.00,1235.00,200.00,120.00,330.00,545.00,105.00,30.00,135.00,75.00,205.00,32.70,7.00,3.00,5.00,.
Kadoelen,BU03636700,1035.00,760.00,125.00,75.00,215.00,280.00,45.00,15.00,65.00,30.00,125.00,34.80,8.00,3.00,6.00,1035.00
TwiskeOost,BU03636701,530.00,470.00,70.00,45.00,115.00,265.00,60.00,10.00,70.00,45.00,80.00,28.80,6.00,2.00,4.00,1035.00
Waterlandpleinneighborhood,WK036368,7570.00,3855.00,1285.00,465.00,1510.00,7620.00,2220.00,215.00,1255.00,1660.00,2275.00,24.40,8.00,4.00,6.00,.
BaanakkersparkNoord,BU03636800,290.00,190.00,55.00,45.00,110.00,155.00,20.00,10.00,35.00,20.00,85.00,28.40,9.00,5.00,3.00,1024.00
BaanakkersparkZuid,BU03636801,220.00,165.00,45.00,30.00,100.00,85.00,10.00,0.00,5.00,20.00,50.00,30.60,2.00,0.00,0.00,1024.00
WerengouwCentral,BU03636802,2830.00,1355.00,595.00,225.00,625.00,2730.00,730.00,75.00,470.00,590.00,860.00,23.00,5.00,5.00,8.00,1024.00
MarkengouwMidden,BU03636803,2115.00,995.00,260.00,65.00,270.00,2350.00,830.00,65.00,400.00,475.00,575.00,23.80,10.00,3.00,5.00,1024.00
MarkengouwSouth,BU03636804,1250.00,595.00,165.00,45.00,195.00,1420.00,330.00,40.00,220.00,345.00,475.00,22.70,14.00,5.00,8.00,1024.00
WerengouwSouth,BU03636805,875.00,555.00,160.00,60.00,210.00,885.00,300.00,20.00,120.00,215.00,235.00,28.30,7.00,4.00,2.00,1024.00
Buikslotermeer,WK036369,6160.00,3015.00,1230.00,770.00,1570.00,5025.00,1075.00,175.00,910.00,765.00,2110.00,22.90,4.00,3.00,9.00,.
RedCrossneighborhood,BU03636900,95.00,105.00,10.00,15.00,40.00,30.00,0.00,5.00,10.00,5.00,15.00,.,0.00,9.00,68.00,1025.00
Loenermark,BU03636902,770.00,385.00,215.00,145.00,245.00,540.00,105.00,15.00,95.00,95.00,235.00,24.00,2.00,3.00,3.00,1025.00
Buikslotermeerplein,BU03636909,460.00,245.00,115.00,175.00,175.00,290.00,60.00,15.00,70.00,25.00,120.00,24.10,6.00,13.00,33.00,1025.00
Gool'splan,BU03636910,1920.00,750.00,360.00,95.00,465.00,1680.00,360.00,50.00,325.00,210.00,740.00,23.20,2.00,1.00,6.00,1025.00
TheSmallWorld,BU03636911,1550.00,835.00,305.00,135.00,255.00,1820.00,450.00,40.00,290.00,350.00,690.00,20.80,6.00,2.00,8.00,1025.00
BuikslotermeerNorth,BU03636912,1370.00,690.00,215.00,210.00,395.00,660.00,105.00,45.00,130.00,70.00,305.00,22.50,6.00,2.00,3.00,1025.00
BanneBuiksloot,WK036370,7790.00,4485.00,1380.00,655.00,1560.00,7260.00,1980.00,205.00,1230.00,1590.00,2260.00,24.30,6.00,5.00,6.00,.
BanneSouthwest,BU03637000,2040.00,1065.00,390.00,215.00,405.00,2130.00,600.00,55.00,390.00,330.00,755.00,23.30,4.00,4.00,2.00,1034.00
BanneSouthEast,BU03637001,1950.00,1155.00,340.00,160.00,370.00,1510.00,340.00,55.00,325.00,275.00,505.00,25.60,7.00,3.00,11.00,1034.00
BanneNorthwest,BU03637002,1450.00,765.00,315.00,110.00,280.00,1560.00,440.00,50.00,245.00,415.00,410.00,21.70,8.00,10.00,5.00,1034.00
BanneNortheast,BU03637003,1945.00,1255.00,300.00,145.00,390.00,1895.00,540.00,45.00,250.00,535.00,520.00,24.40,5.00,4.00,5.00,1034.00
Buiksloterbreek,BU03637004,155.00,150.00,20.00,10.00,65.00,25.00,0.00,0.00,5.00,0.00,20.00,38.80,18.00,0.00,0.00,1034.00
Marjoleingrounds,BU03637005,250.00,95.00,25.00,5.00,50.00,145.00,55.00,0.00,10.00,35.00,40.00,26.00,3.00,0.00,3.00,1034.00
NorthernIJbanksWest,WK036371,2675.00,735.00,150.00,30.00,745.00,740.00,75.00,50.00,105.00,55.00,455.00,28.60,4.00,6.00,10.00,.
Papaverwegandsurroundingareas,BU03637102,565.00,250.00,45.00,10.00,160.00,90.00,15.00,5.00,15.00,5.00,50.00,37.30,3.00,8.00,11.00,1032.00
CornelisDouwessite,BU03637104,5.00,0.00,0.00,0.00,0.00,0.00,0.00,0.00,0.00,0.00,0.00,.,,,,1033.00
NDSMsite,BU03637105,1155.00,20.00,5.00,0.00,315.00,390.00,20.00,30.00,40.00,25.00,280.00,10.90,5.00,9.00,16.00,1033.00
Buiksloterham,BU03637106,135.00,40.00,5.00,0.00,40.00,45.00,30.00,5.00,5.00,5.00,5.00,.,0.00,0.00,28.00,1031.00
Overhoeks,BU03637107,820.00,430.00,95.00,25.00,230.00,215.00,10.00,15.00,45.00,20.00,120.00,48.00,4.00,3.00,1.00,1031.00
NorthernIJbanksEast,WK036372,245.00,60.00,15.00,0.00,135.00,70.00,0.00,5.00,5.00,10.00,50.00,24.00,6.00,29.00,63.00,.
Hamerstraatbusinesspark,BU03637200,220.00,45.00,10.00,5.00,130.00,60.00,0.00,5.00,5.00,10.00,45.00,22.80,4.00,21.00,46.00,1021.00
Zamenhofstraatandsurroundingareas,BU03637201,10.00,0.00,0.00,0.00,5.00,0.00,0.00,0.00,0.00,0.00,5.00,.,.,.,.,1022.00
Nieuwendammerdijkbusinesspark,BU03637202,15.00,10.00,0.00,0.00,0.00,5.00,0.00,5.00,0.00,0.00,0.00,.,.,.,.,1023.00
Waterland,WK036373,1145.00,895.00,140.00,90.00,240.00,100.00,5.00,5.00,25.00,10.00,55.00,48.70,6.00,4.00,4.00,.
SchellingwoudeWest,BU03637300,50.00,15.00,5.00,0.00,10.00,10.00,0.00,5.00,5.00,0.00,0.00,.,0.00,15.00,15.00,1023.00
SchellingwoudeEast,BU03637301,340.00,220.00,30.00,15.00,80.00,35.00,0.00,10.00,10.00,10.00,5.00,49.40,13.00,2.00,11.00,1023.00
SchellingwoudeNorth,BU03637302,0.00,5.00,0.00,0.00,0.00,0.00,0.00,0.00,0.00,0.00,0.00,.,.,.,.,1026.00
Durgerdam,BU03637303,245.00,200.00,35.00,15.00,60.00,15.00,0.00,0.00,5.00,0.00,10.00,60.70,5.00,2.00,2.00,1026.00
BlackShire,BU03637304,15.00,5.00,5.00,0.00,0.00,0.00,0.00,0.00,0.00,0.00,0.00,.,.,.,.,1026.00
Ransdorp,BU03637305,145.00,120.00,20.00,20.00,25.00,10.00,0.00,0.00,0.00,0.00,5.00,75.50,3.00,7.00,3.00,1028.00
Holysloot,BU03637306,115.00,120.00,20.00,15.00,20.00,10.00,0.00,0.00,0.00,0.00,10.00,41.80,4.00,0.00,0.00,1028.00
Zunderdorp,BU03637307,220.00,205.00,25.00,25.00,35.00,20.00,0.00,0.00,5.00,0.00,15.00,35.90,1.00,4.00,0.00,1027.00
NorthernStripWest,BU03637308,5.00,10.00,0.00,5.00,10.00,5.00,0.00,0.00,0.00,0.00,5.00,.,.,.,.,1027.00
NorthernStripEast,BU03637309,5.00,5.00,0.00,0.00,5.00,0.00,0.00,0.00,0.00,0.00,0.00,.,.,.,.,1027.00
Elzenhagen,WK036374,1605.00,910.00,170.00,45.00,400.00,850.00,160.00,40.00,215.00,150.00,285.00,33.80,3.00,3.00,8.00,.
Nintemansite,BU03637400,45.00,60.00,0.00,0.00,15.00,0.00,0.00,0.00,0.00,0.00,0.00,.,18.00,0.00,0.00,1025.00
ElzenhagenSouth,BU03637401,165.00,60.00,30.00,5.00,35.00,105.00,20.00,5.00,25.00,15.00,30.00,25.40,0.00,24.00,71.00,1022.00
ElzenhagenNorth,BU03637402,1400.00,785.00,140.00,40.00,350.00,745.00,135.00,30.00,190.00,135.00,250.00,34.70,3.00,1.00,2.00,1022.00
Chassebuurt,WK036375,4260.00,1450.00,420.00,110.00,1045.00,2195.00,810.00,75.00,255.00,460.00,600.00,27.20,2.00,2.00,6.00,.
Kortenaerkwartier,BU03637500,1550.00,515.00,130.00,40.00,415.00,625.00,220.00,30.00,75.00,110.00,185.00,27.20,2.00,2.00,3.00,1057.00
PhilipofAlmondekwartier,BU03637501,810.00,210.00,70.00,10.00,205.00,260.00,100.00,15.00,25.00,25.00,90.00,30.20,2.00,4.00,6.00,1057.00
TheWesternQuartier,BU03637502,1205.00,455.00,140.00,35.00,300.00,805.00,275.00,25.00,100.00,180.00,230.00,25.60,3.00,2.00,9.00,1057.00
VanBrakelkwartier,BU03637503,695.00,265.00,80.00,20.00,125.00,505.00,215.00,5.00,60.00,140.00,90.00,26.40,1.00,2.00,6.00,1057.00
Slotermeer-Northeast,WK036376,5465.00,2760.00,825.00,240.00,1195.00,5910.00,2440.00,85.00,515.00,1670.00,1205.00,22.00,5.00,4.00,10.00,.
Neighborhood3,BU03637600,3565.00,1785.00,530.00,175.00,810.00,3605.00,1405.00,55.00,315.00,1050.00,785.00,22.10,7.00,3.00,7.00,1063.00
Neighborhood2,BU03637601,1905.00,975.00,295.00,70.00,385.00,2305.00,1035.00,30.00,195.00,615.00,420.00,21.80,3.00,5.00,16.00,1063.00
Slotermeer-Southwest,WK036377,10465.00,5325.00,1695.00,490.00,2065.00,11180.00,5005.00,170.00,950.00,2980.00,2085.00,22.30,7.00,5.00,8.00,.
SlotermeerSouth,BU03637700,1975.00,910.00,405.00,115.00,415.00,2010.00,955.00,50.00,165.00,425.00,415.00,19.90,5.00,8.00,13.00,1064.00
NorthbankofSloterplas,BU03637701,2030.00,805.00,285.00,75.00,515.00,1295.00,430.00,35.00,170.00,295.00,360.00,26.90,18.00,6.00,6.00,1064.00
Neighborhood4East,BU03637702,2095.00,1200.00,295.00,120.00,560.00,2135.00,765.00,30.00,215.00,670.00,455.00,23.50,5.00,5.00,7.00,1063.00
Neighborhood5North,BU03637703,2130.00,1205.00,380.00,60.00,240.00,3100.00,1595.00,30.00,220.00,830.00,425.00,19.90,5.00,3.00,8.00,1064.00
Sloterpark,BU03637704,0.00,0.00,0.00,0.00,0.00,0.00,0.00,0.00,0.00,0.00,0.00,.,,,,1064.00
Neighborhood5South,BU03637705,2235.00,1200.00,320.00,120.00,330.00,2640.00,1255.00,25.00,175.00,765.00,415.00,21.40,5.00,4.00,3.00,1064.00
Geuzenveld,WK036378,8660.00,5230.00,1340.00,475.00,1750.00,10515.00,4205.00,135.00,840.00,3820.00,1510.00,22.70,7.00,5.00,7.00,.
Neighborhood6,BU03637800,1685.00,945.00,290.00,95.00,245.00,2100.00,910.00,30.00,170.00,620.00,365.00,20.50,7.00,5.00,8.00,1067.00
Neighborhood7,BU03637801,1325.00,1010.00,175.00,80.00,280.00,1550.00,620.00,10.00,95.00,670.00,155.00,25.20,9.00,4.00,7.00,1067.00
Neighborhood8,BU03637802,2235.00,1200.00,310.00,105.00,565.00,2620.00,880.00,35.00,260.00,1040.00,405.00,23.60,8.00,4.00,9.00,1067.00
Neighborhood9,BU03637803,3210.00,2005.00,540.00,190.00,590.00,4110.00,1765.00,60.00,290.00,1430.00,560.00,22.30,5.00,5.00,6.00,1067.00
Eendrachtspark,BU03637804,200.00,75.00,30.00,0.00,65.00,140.00,35.00,5.00,20.00,60.00,25.00,22.00,7.00,3.00,7.00,1067.00
Unity,WK036379,1115.00,1085.00,165.00,75.00,330.00,1085.00,305.00,30.00,185.00,355.00,210.00,27.90,10.00,3.00,5.00,.
OsdorperBinnenpolder,BU03637900,10.00,10.00,5.00,0.00,0.00,10.00,0.00,0.00,0.00,0.00,10.00,.,.,.,.,1067.00
Neighborhood10,BU03637901,1100.00,1070.00,165.00,75.00,330.00,1080.00,305.00,30.00,185.00,360.00,200.00,27.90,9.00,2.00,4.00,1067.00
Lutkemeer/Ookmeer,WK036380,430.00,335.00,70.00,40.00,105.00,120.00,25.00,0.00,25.00,30.00,30.00,34.80,9.00,13.00,29.00,.
Alsomore,BU03638000,10.00,0.00,5.00,0.00,5.00,5.00,5.00,0.00,0.00,5.00,0.00,.,.,.,.,1067.00
OsdorperBovenpolder,BU03638001,390.00,310.00,60.00,35.00,105.00,105.00,25.00,5.00,25.00,25.00,30.00,35.90,5.00,0.00,6.00,1067.00
Lutkemeerbusinesspark,BU03638002,35.00,15.00,5.00,10.00,0.00,10.00,0.00,0.00,5.00,0.00,0.00,.,33.00,67.00,33.00,1060.00
Osdorp-Oost,WK036381,8590.00,5085.00,1685.00,945.00,2375.00,7995.00,3340.00,160.00,1085.00,1670.00,1740.00,24.00,8.00,5.00,7.00,.
Wildeman,BU03638100,2550.00,1530.00,585.00,340.00,525.00,3125.00,1480.00,45.00,360.00,590.00,655.00,19.90,8.00,6.00,11.00,1068.00
LakeandShore,BU03638101,1635.00,1030.00,315.00,155.00,585.00,1310.00,500.00,25.00,160.00,330.00,290.00,30.40,5.00,2.00,3.00,1068.00
Osdorppleinandsurroundingareas,BU03638102,1605.00,950.00,290.00,125.00,385.00,1745.00,840.00,25.00,215.00,315.00,345.00,25.10,4.00,7.00,10.00,1068.00
Calandlaan/Lelylaan,BU03638103,650.00,405.00,135.00,60.00,200.00,555.00,175.00,15.00,90.00,180.00,95.00,24.10,14.00,6.00,10.00,1068.00
OsdorpSouthEast,BU03638104,2155.00,1165.00,360.00,265.00,680.00,1265.00,345.00,55.00,265.00,245.00,360.00,23.50,12.00,5.00,3.00,1068.00
Osdorp-Middle,WK036382,9075.00,4975.00,1385.00,615.00,1960.00,10450.00,4505.00,180.00,1230.00,2635.00,1900.00,24.00,5.00,3.00,5.00,.
OsdorpMiddenNoord,BU03638200,1720.00,950.00,275.00,245.00,215.00,2335.00,1185.00,40.00,225.00,545.00,335.00,19.90,5.00,6.00,4.00,1069.00
OsdorpCentralSouth,BU03638201,1900.00,1085.00,335.00,115.00,410.00,2275.00,1050.00,30.00,225.00,525.00,445.00,23.00,3.00,3.00,6.00,1069.00
SouthwestquadrantOsdorpNorth,BU03638202,1790.00,985.00,290.00,125.00,410.00,2135.00,875.00,35.00,235.00,600.00,385.00,22.70,6.00,2.00,5.00,1069.00
SouthwestquadrantOsdorpSouth,BU03638203,3665.00,1955.00,485.00,120.00,930.00,3710.00,1395.00,75.00,550.00,960.00,730.00,27.30,6.00,2.00,5.00,1069.00
Thepoint,WK036383,3485.00,1805.00,550.00,230.00,925.00,3290.00,1065.00,70.00,490.00,880.00,785.00,22.80,10.00,6.00,8.00,.
Thepoint,BU03638300,3395.00,1800.00,530.00,230.00,915.00,3230.00,1050.00,60.00,465.00,880.00,775.00,23.30,10.00,4.00,7.00,1069.00
BusinesscenterOsdorp,BU03638301,90.00,5.00,15.00,0.00,15.00,60.00,15.00,10.00,30.00,0.00,10.00,10.30,0.00,109.00,82.00,1069.00
MiddelveldscheAkerpolder,WK036384,7355.00,5685.00,1060.00,425.00,1750.00,6345.00,2000.00,120.00,1345.00,1450.00,1435.00,31.80,10.00,4.00,4.00,.
MiddelveldscheAkerpolder,BU03638400,1920.00,1490.00,330.00,160.00,455.00,1720.00,730.00,25.00,280.00,355.00,320.00,26.60,12.00,3.00,3.00,1069.00
TheAkerWest,BU03638401,2275.00,1830.00,340.00,135.00,570.00,1910.00,455.00,55.00,440.00,420.00,540.00,33.60,9.00,4.00,4.00,1060.00
TheAkerEast,BU03638402,3160.00,2370.00,390.00,125.00,725.00,2720.00,810.00,40.00,625.00,670.00,570.00,34.20,9.00,4.00,4.00,1060.00
SlotervaartNorth,WK036385,4345.00,2545.00,720.00,380.00,1265.00,3585.00,1405.00,40.00,465.00,900.00,765.00,25.80,7.00,4.00,7.00,.
EastbankofSloterplas,BU03638500,1170.00,985.00,185.00,150.00,400.00,705.00,150.00,10.00,200.00,170.00,175.00,32.70,7.00,1.00,2.00,1064.00
EmanuelvanMeterenbuurt,BU03638501,1200.00,665.00,215.00,160.00,445.00,710.00,275.00,5.00,80.00,175.00,180.00,26.70,6.00,4.00,8.00,1065.00
JacobGeelbuurt,BU03638502,1985.00,900.00,325.00,75.00,430.00,2170.00,980.00,30.00,190.00,555.00,410.00,19.90,8.00,7.00,9.00,1065.00
OvertoomseField,WK036386,9120.00,3175.00,760.00,305.00,2325.00,7100.00,3530.00,105.00,570.00,1375.00,1520.00,24.80,3.00,4.00,8.00,.
OvertoomseVeldNoord,BU03638600,3620.00,1805.00,405.00,115.00,565.00,4140.00,2355.00,35.00,255.00,935.00,560.00,25.10,2.00,3.00,5.00,1061.00
OvertoomseVeldZuid,BU03638601,2790.00,885.00,210.00,85.00,605.00,1875.00,885.00,50.00,235.00,240.00,465.00,25.50,4.00,5.00,9.00,1062.00
RembrandtParkNorth,BU03638602,805.00,95.00,50.00,5.00,330.00,130.00,15.00,10.00,15.00,5.00,85.00,21.00,2.00,6.00,17.00,1057.00
RembrandtParkSouth,BU03638603,615.00,175.00,25.00,20.00,235.00,140.00,10.00,5.00,20.00,10.00,100.00,32.30,2.00,5.00,1.00,1058.00
JohanJongkindbuurt,BU03638604,415.00,210.00,75.00,75.00,50.00,570.00,255.00,0.00,35.00,175.00,100.00,19.00,3.00,7.00,3.00,1062.00
Lucas/Andreasziekenhuisandsurroundingareas,BU03638605,870.00,10.00,5.00,0.00,535.00,245.00,10.00,5.00,10.00,10.00,205.00,18.10,.,3.00,17.00,1061.00
Westlandgracht,WK036387,7260.00,1970.00,665.00,155.00,2355.00,3850.00,1040.00,155.00,400.00,565.00,1690.00,26.30,5.00,5.00,13.00,.
KoninginWilhelminaplein,BU03638700,1575.00,570.00,120.00,25.00,705.00,580.00,50.00,30.00,40.00,50.00,415.00,36.20,7.00,5.00,3.00,1062.00
Andreassite,BU03638701,775.00,415.00,90.00,25.00,290.00,455.00,190.00,15.00,45.00,85.00,125.00,40.70,4.00,8.00,8.00,1058.00
DelflandpleinneighborhoodEast,BU03638702,1060.00,265.00,160.00,35.00,265.00,750.00,270.00,25.00,115.00,125.00,220.00,23.20,12.00,13.00,41.00,1059.00
DelflandpleinneighborhoodWest,BU03638703,2400.00,670.00,290.00,65.00,720.00,1445.00,500.00,50.00,165.00,275.00,460.00,23.20,3.00,4.00,12.00,1062.00
Riekerhaven,BU03638704,545.00,25.00,0.00,0.00,30.00,355.00,15.00,5.00,20.00,5.00,310.00,14.30,5.00,2.00,14.00,1062.00
Schipluidenbuurt,BU03638705,915.00,25.00,0.00,0.00,335.00,260.00,20.00,30.00,25.00,25.00,165.00,16.60,1.00,1.00,1.00,1062.00
Sloter/Riekerpolder,WK036388,7115.00,5325.00,1060.00,500.00,2345.00,3945.00,970.00,130.00,895.00,690.00,1260.00,32.70,8.00,3.00,4.00,.
Riekerpolder,BU03638800,60.00,15.00,0.00,0.00,30.00,40.00,0.00,0.00,0.00,5.00,40.00,.,14.00,14.00,43.00,1066.00
ParkHaagseweg,BU03638801,455.00,405.00,55.00,20.00,190.00,165.00,15.00,10.00,35.00,15.00,85.00,41.10,5.00,0.00,0.00,1066.00
NewMore,BU03638802,125.00,30.00,10.00,0.00,35.00,5.00,0.00,5.00,0.00,0.00,0.00,.,42.00,18.00,36.00,1066.00
Sloterwegandsurroundingareas,BU03638803,130.00,105.00,10.00,15.00,35.00,50.00,0.00,0.00,15.00,10.00,30.00,41.70,16.00,4.00,4.00,1066.00
NieuwSlotenNorthwest,BU03638804,1560.00,1210.00,265.00,105.00,455.00,1195.00,420.00,35.00,265.00,185.00,290.00,31.60,5.00,2.00,3.00,1066.00
NieuwSlotenNortheast,BU03638805,1465.00,1305.00,235.00,155.00,450.00,910.00,210.00,30.00,180.00,215.00,280.00,30.60,6.00,3.00,3.00,1066.00
Belgipleinandsurroundingareas,BU03638806,475.00,350.00,130.00,105.00,265.00,305.00,55.00,15.00,65.00,50.00,130.00,29.00,7.00,9.00,6.00,1066.00
NieuwSlotenSouthwest,BU03638807,1230.00,970.00,140.00,25.00,400.00,585.00,75.00,15.00,195.00,90.00,210.00,37.90,8.00,1.00,2.00,1066.00
NieuwSlotenZuidoost,BU03638808,1280.00,660.00,155.00,40.00,405.00,645.00,195.00,20.00,135.00,120.00,180.00,30.30,7.00,2.00,6.00,1066.00
VillageSloten,BU03638809,345.00,275.00,65.00,35.00,85.00,45.00,5.00,5.00,5.00,5.00,20.00,34.50,20.00,7.00,7.00,1066.00
SlotervaartSouth,WK036389,6375.00,2775.00,950.00,450.00,1680.00,5305.00,2300.00,110.00,685.00,845.00,1365.00,22.20,8.00,6.00,12.00,.
LouisCrispijnbuurt,BU03638900,1755.00,925.00,355.00,205.00,515.00,1540.00,645.00,30.00,260.00,275.00,330.00,22.80,7.00,3.00,9.00,1065.00
JacquesVeldmanneighborhood,BU03638901,2215.00,970.00,290.00,120.00,715.00,1640.00,665.00,30.00,175.00,270.00,510.00,23.90,12.00,6.00,8.00,1065.00
Staalmanbuurt,BU03638902,1690.00,825.00,250.00,105.00,320.00,1830.00,920.00,35.00,220.00,275.00,385.00,24.00,4.00,7.00,22.00,1066.00
MedicalCenterSlotervaart,BU03638903,715.00,55.00,50.00,15.00,130.00,295.00,75.00,20.00,35.00,25.00,145.00,12.30,4.00,12.00,6.00,1066.00
Buitenveldert-West,WK036390,7275.00,3925.00,1240.00,930.00,3605.00,3045.00,225.00,135.00,500.00,205.00,1980.00,35.10,5.00,3.00,4.00,.
Gelderlandpleinneighborhood,BU03639000,2520.00,1330.00,385.00,320.00,1310.00,1060.00,105.00,35.00,185.00,70.00,665.00,34.00,2.00,2.00,4.00,1082.00
BuitenveldertCentralSouth,BU03639002,2295.00,995.00,295.00,125.00,975.00,1060.00,90.00,45.00,135.00,70.00,725.00,30.60,5.00,3.00,3.00,1082.00
BuitenveldertSouthwest,BU03639003,1970.00,1195.00,470.00,390.00,995.00,790.00,30.00,45.00,160.00,45.00,510.00,32.40,7.00,2.00,4.00,1081.00
Amsterdamforest,BU03639004,45.00,15.00,10.00,0.00,15.00,5.00,0.00,0.00,0.00,0.00,5.00,.,14.00,29.00,14.00,1081.00
BuitenveldertWestCentral,BU03639008,445.00,385.00,80.00,80.00,310.00,120.00,5.00,10.00,20.00,15.00,75.00,69.90,16.00,2.00,1.00,1081.00
Zuiderhof,BU03639009,10.00,0.00,0.00,0.00,5.00,0.00,0.00,0.00,0.00,0.00,0.00,.,.,.,.,1081.00
Buitenveldert-East,WK036391,4135.00,2290.00,800.00,645.00,2020.00,2050.00,190.00,80.00,280.00,160.00,1335.00,33.00,5.00,3.00,6.00,.
TheKlenckebuurt,BU03639100,320.00,260.00,95.00,100.00,205.00,165.00,5.00,10.00,30.00,15.00,105.00,36.40,3.00,1.00,1.00,1083.00
BuitenveldertEastCentral,BU03639101,1660.00,960.00,365.00,235.00,685.00,955.00,100.00,45.00,155.00,90.00,570.00,29.30,4.00,3.00,7.00,1083.00
BuitenveldertSouthEast,BU03639102,2150.00,1060.00,345.00,315.00,1130.00,925.00,85.00,30.00,95.00,60.00,650.00,35.60,6.00,3.00,5.00,1083.00
AmstelPark,BU03639103,10.00,5.00,0.00,0.00,0.00,5.00,0.00,0.00,0.00,0.00,5.00,.,.,.,.,1083.00
AmstelIII/Bullewijk,WK036392,650.00,55.00,10.00,5.00,165.00,275.00,40.00,30.00,55.00,25.00,125.00,16.50,7.00,93.00,186.00,.
MaincenterSouthEast,BU03639200,15.00,0.00,0.00,0.00,10.00,5.00,0.00,0.00,0.00,5.00,5.00,.,.,.,.,1101.00
AmstelIIIpartA/BNorth,BU03639201,80.00,30.00,0.00,0.00,55.00,40.00,0.00,0.00,5.00,5.00,35.00,.,0.00,181.00,210.00,1101.00
AmstelIIIpartC/DNorth,BU03639202,40.00,10.00,0.00,0.00,35.00,15.00,0.00,0.00,0.00,0.00,15.00,.,.,100.00,160.00,1101.00
AmstelIIIpartA/BSouth,BU03639203,390.00,5.00,5.00,0.00,45.00,145.00,20.00,20.00,40.00,10.00,50.00,11.50,8.00,3.00,13.00,1105.00
AmstelIIIpartC/DSouth,BU03639204,0.00,0.00,0.00,5.00,5.00,0.00,0.00,0.00,0.00,0.00,0.00,.,.,.,.,1105.00
AMC,BU03639205,35.00,0.00,0.00,0.00,10.00,20.00,5.00,5.00,5.00,0.00,5.00,.,.,.,.,1105.00
HighDijk,BU03639206,85.00,10.00,0.00,0.00,10.00,40.00,15.00,0.00,15.00,0.00,10.00,.,10.00,110.00,150.00,1105.00
"BijlmerCenter(D,F,H)",WK036393,17380.00,3555.00,2955.00,385.00,2790.00,17345.00,660.00,1375.00,7320.00,430.00,7555.00,20.20,6.00,5.00,15.00,.
VenserpolderWest,BU03639300,3515.00,725.00,835.00,145.00,570.00,3670.00,155.00,300.00,1645.00,110.00,1455.00,21.30,6.00,6.00,11.00,1102.00
VenserpolderEast,BU03639301,2325.00,575.00,465.00,60.00,390.00,2395.00,120.00,150.00,1080.00,80.00,970.00,22.00,6.00,6.00,9.00,1102.00
D-neighborhood,BU03639302,1900.00,60.00,55.00,5.00,505.00,940.00,20.00,165.00,290.00,20.00,445.00,12.50,3.00,6.00,12.00,1102.00
Fneighborhood,BU03639303,2615.00,795.00,345.00,45.00,285.00,2960.00,115.00,180.00,1595.00,90.00,985.00,25.30,3.00,2.00,6.00,1102.00
AmsterdamGate,BU03639304,1175.00,115.00,240.00,25.00,290.00,1080.00,30.00,115.00,515.00,20.00,405.00,17.30,8.00,21.00,85.00,1102.00
Hoptille,BU03639305,1250.00,205.00,160.00,15.00,175.00,1165.00,50.00,120.00,410.00,30.00,555.00,17.60,6.00,4.00,7.00,1102.00
StraightHneighborhood,BU03639306,2145.00,445.00,475.00,45.00,230.00,2540.00,65.00,160.00,795.00,30.00,1490.00,20.20,2.00,3.00,10.00,1102.00
Hakfort/Huigenbos,BU03639307,1895.00,345.00,290.00,25.00,220.00,1930.00,105.00,140.00,600.00,35.00,1065.00,18.70,14.00,3.00,11.00,1102.00
Huntum,BU03639308,100.00,85.00,10.00,10.00,45.00,80.00,0.00,5.00,45.00,0.00,30.00,.,29.00,20.00,5.00,1102.00
Birdmeadow,BU03639309,460.00,195.00,80.00,15.00,75.00,585.00,10.00,35.00,350.00,25.00,165.00,26.40,13.00,1.00,3.00,1102.00
NelsonMandelaPark,BU03639310,0.00,0.00,0.00,0.00,0.00,0.00,0.00,0.00,0.00,0.00,0.00,.,,,,1102.00
"BijlmerEast(E,G,K)",WK036394,18900.00,5425.00,3875.00,635.00,2980.00,19630.00,635.00,1530.00,8950.00,330.00,8190.00,22.60,7.00,3.00,10.00,.
E-neighborhood,BU03639400,1520.00,460.00,120.00,5.00,255.00,1375.00,60.00,95.00,735.00,80.00,400.00,25.00,4.00,3.00,7.00,1103.00
G-buurtWest,BU03639401,2485.00,770.00,445.00,55.00,410.00,2815.00,60.00,215.00,1550.00,35.00,960.00,25.00,9.00,5.00,10.00,1103.00
BijlmerMuseumNorth,BU03639402,1450.00,340.00,440.00,60.00,200.00,1790.00,35.00,145.00,580.00,10.00,1020.00,19.00,4.00,1.00,10.00,1103.00
Kortvoort,BU03639403,1710.00,325.00,475.00,115.00,220.00,1875.00,60.00,235.00,935.00,25.00,625.00,19.40,8.00,1.00,12.00,1104.00
Kelbergen,BU03639404,595.00,250.00,125.00,30.00,90.00,630.00,10.00,45.00,340.00,10.00,230.00,22.70,19.00,7.00,5.00,1104.00
K-neighborhoodCentral,BU03639405,1725.00,300.00,320.00,20.00,190.00,1760.00,100.00,105.00,600.00,20.00,940.00,20.20,8.00,7.00,28.00,1104.00
K-neighborhoodSouthEast,BU03639406,725.00,225.00,80.00,10.00,75.00,805.00,20.00,75.00,340.00,15.00,350.00,26.10,3.00,2.00,3.00,1104.00
K-neighborhoodSouthwest,BU03639407,985.00,325.00,135.00,25.00,85.00,1170.00,40.00,80.00,625.00,30.00,390.00,24.70,4.00,1.00,6.00,1104.00
Grunder/Koningshoef,BU03639408,1185.00,370.00,185.00,10.00,125.00,1385.00,50.00,90.00,805.00,30.00,405.00,25.00,4.00,3.00,11.00,1103.00
G-buurtOost,BU03639409,1650.00,925.00,410.00,155.00,570.00,1000.00,30.00,65.00,515.00,30.00,360.00,27.90,5.00,2.00,3.00,1103.00
Kantershof,BU03639410,1180.00,540.00,390.00,95.00,270.00,1235.00,20.00,90.00,615.00,20.00,495.00,23.00,10.00,2.00,4.00,1104.00
Gooisekant,BU03639411,90.00,45.00,10.00,0.00,10.00,95.00,5.00,10.00,55.00,5.00,25.00,.,14.00,0.00,7.00,1104.00
G-neighborhoodNorth,BU03639412,1335.00,175.00,300.00,10.00,80.00,1585.00,45.00,130.00,630.00,5.00,775.00,18.00,9.00,7.00,15.00,1103.00
BijlmerMuseumSouth,BU03639413,2265.00,375.00,450.00,30.00,400.00,2105.00,75.00,160.00,635.00,15.00,1215.00,20.00,10.00,2.00,8.00,1104.00
Nellestein,WK036395,1700.00,685.00,395.00,145.00,535.00,955.00,30.00,75.00,365.00,30.00,460.00,28.60,7.00,3.00,7.00,.
Lneighborhood,BU03639500,1670.00,670.00,390.00,145.00,525.00,945.00,25.00,75.00,360.00,30.00,455.00,28.50,7.00,3.00,5.00,1108.00
Gaasperpark,BU03639501,10.00,5.00,10.00,0.00,0.00,5.00,0.00,0.00,0.00,0.00,0.00,.,.,.,.,1108.00
Gaasperplas,BU03639502,25.00,10.00,5.00,0.00,5.00,5.00,0.00,0.00,5.00,0.00,5.00,.,.,.,.,1108.00
Holendrecht/Reigersbos,WK036396,11215.00,4015.00,2435.00,600.00,1685.00,11355.00,420.00,915.00,5900.00,155.00,3965.00,23.10,7.00,4.00,10.00,.
HolendrechtWest,BU03639600,1940.00,370.00,490.00,125.00,170.00,2105.00,70.00,190.00,1130.00,25.00,695.00,18.80,4.00,8.00,16.00,1106.00
ReigersbosNoord,BU03639601,2940.00,675.00,650.00,105.00,260.00,3355.00,120.00,335.00,1575.00,55.00,1270.00,20.70,9.00,3.00,10.00,1106.00
HolendrechtEast,BU03639602,1155.00,990.00,220.00,115.00,320.00,1030.00,35.00,80.00,610.00,15.00,285.00,29.10,8.00,3.00,6.00,1106.00
GaasperdamNorth,BU03639603,1390.00,350.00,260.00,30.00,230.00,1265.00,60.00,75.00,645.00,20.00,465.00,24.10,5.00,3.00,22.00,1106.00
GaasperdamSouth,BU03639604,920.00,230.00,235.00,65.00,165.00,850.00,20.00,60.00,420.00,5.00,340.00,22.80,3.00,3.00,9.00,1107.00
ReigersbosMidden,BU03639605,1500.00,560.00,320.00,85.00,230.00,1520.00,75.00,100.00,825.00,25.00,495.00,23.10,4.00,5.00,5.00,1107.00
ReigersbosZuid,BU03639606,1370.00,830.00,260.00,80.00,315.00,1225.00,40.00,75.00,690.00,10.00,415.00,26.20,11.00,2.00,5.00,1107.00
Gein,WK036397,6595.00,3145.00,1375.00,265.00,1320.00,5925.00,200.00,435.00,2925.00,60.00,2310.00,25.70,5.00,10.00,5.00,.
GeinNorthwest,BU03639700,2035.00,380.00,450.00,70.00,320.00,1825.00,60.00,170.00,870.00,15.00,715.00,21.70,6.00,4.00,8.00,1106.00
GeinSouthwest,BU03639701,1155.00,270.00,250.00,20.00,155.00,1235.00,40.00,75.00,545.00,15.00,560.00,22.30,2.00,4.00,6.00,1107.00
GeinNortheast,BU03639702,1570.00,1460.00,250.00,80.00,455.00,1145.00,15.00,55.00,615.00,20.00,450.00,32.60,5.00,25.00,1.00,1106.00
GeinZuidoost,BU03639703,1835.00,1035.00,430.00,100.00,395.00,1710.00,80.00,135.00,890.00,20.00,590.00,25.50,4.00,3.00,5.00,1107.00
Driemond,WK036398,765.00,600.00,125.00,65.00,145.00,140.00,15.00,15.00,80.00,10.00,20.00,30.60,2.00,1.00,4.00,.
VillageDriemond,BU03639800,700.00,565.00,115.00,60.00,135.00,130.00,15.00,15.00,70.00,10.00,25.00,30.10,2.00,1.00,4.00,1109.00
RuralareaDriemond,BU03639801,60.00,40.00,5.00,0.00,10.00,10.00,0.00,5.00,5.00,0.00,0.00,.,0.00,0.00,0.00,1109.00
